url,status,effective_url,content_type,x_robots_tag,cache_control,bytes,title,h1,canonical,meta_robots,schema_types,schema_ids,schema_json_valid,duplicate_entity_ids,canonical_in_schema,internal_link_count,credential_claim_terms,credential_claim_snippets
https://envitechal.com/,200,https://envitechal.com/,text/html; charset=UTF-8,,"public, max-age=0",147974,Envi Tech AL | Environmental Testing Lab & Consultancy,"Environmental testing and compliance support for teams that need clear, defensible reports.",https://envitechal.com/,"follow, index, max-snippet:-1, max-video-preview:-1, max-image-preview:large",ContactPoint;EducationalOccupationalCredential;EntryPoint;GeoCoordinates;ImageObject;LocalBusiness;Offer;OfferCatalog;Organization;PostalAddress;SearchAction;Service;WebPage;WebSite,https://envitechal.com/#karachi-lab;https://envitechal.com/#lahore-lab;https://envitechal.com/#organization;https://envitechal.com/#webpage;https://envitechal.com/#website,yes,,yes,76,accredited;Accredited;ISO 14001;ISO 9001;ISO/IEC 17025;LAB-285;LAB-347;PNAC;Punjab EPA;Sindh EPA,"Request a quote View services Water testing Wastewater monitoring Air & stack emissions EMP / EMR Calibration PNAC LAB-285 / LAB-347 Karachi and Lahore scopes; verify listed methods EPA-related Scope-matched monitoring and reporting Field + Lab One coordinated compliance workflow Karachi / Lahore Responsive industrial coverage Core services Environmental testing and compliance services built for serious operations A focused portfolio for facilities that need accurate lab results, practical advis || Sindh EPA credential Confirm current document and scope ISO 9001:2015 Quality management systems ISO 14001:2015 Environmental management systems PNAC LAB-285 / LAB-347 Karachi and Lahore; verify listed methods Punjab EPA certification Lahore laboratory, 2025–2028 document Review certifications and approvals Read environmental testing FAQs Verify a report Why Envi Tech AL Laboratory capability, field execution, and regulatory thinking in one team That integration helps customers move faster on ap || Sindh Environmental Quality Standards guide Environmental Accredited Testing Laboratory Guide A practical buyer guide to ISO/IEC 17025, PNAC scope checks, accredited versus non-accredited reporting, traceability and report review before audit or procurement use. || PNAC LAB-285 Karachi | LAB-347 Lahore ISO 9001 ISO 14001 Contact +92 310 2288801 +92 315 2006074 +92 42 32296099 info@envitechal.com Karachi Office First Floor, 345, Street 15, Bahadurabad Block 3, Bahadur Yar Jang CHS, Karachi, Sindh 75900, Pakistan Lahore Office 87-E Madina Heights, Office A/30-31, 8th Floor, Maulana Shaukat Ali Road, Johar Town, Lahore, Punjab, Pakistan Services Analytical Lab Services Water Testing Services Wastewater Testing Air Monitoring Equipment Calibration Environmenta"
https://envitechal.com/3-qualities-of-a-great-water-testing-lab/,200,https://envitechal.com/3-qualities-of-a-great-water-testing-lab/,text/html; charset=UTF-8,,"public, max-age=0",150816,3 Qualities of a Great Water Testing Lab | Envi Tech AL,3 Qualities of a Great Water Testing Lab,https://envitechal.com/3-qualities-of-a-great-water-testing-lab/,"follow, index, max-snippet:-1, max-video-preview:-1, max-image-preview:large",Article;BreadcrumbList;ContactPoint;EducationalOccupationalCredential;EntryPoint;GeoCoordinates;ImageObject;ListItem;LocalBusiness;Offer;OfferCatalog;Organization;PostalAddress;SearchAction;Service;WebSite,https://envitechal.com/#karachi-lab;https://envitechal.com/#lahore-lab;https://envitechal.com/#organization;https://envitechal.com/#website;https://envitechal.com/3-qualities-of-a-great-water-testing-lab/#article;https://envitechal.com/3-qualities-of-a-great-water-testing-lab/#breadcrumb,yes,,yes,48,Accredited;ISO 14001;ISO 9001;ISO/IEC 17025;LAB-285;LAB-347;PNAC,"Why Choose an Accredited Water Testing Laboratory? || ISO/IEC 17025 is the international standard used for testing and calibration laboratories. || You can read more about this standard from the official ISO page on ISO/IEC 17025 for testing and calibration laboratories . || Envi Tech AL is a environmental laboratory operating location-specific PNAC scopes in Karachi (LAB-285) and Lahore (LAB-347) , providing professional testing services related to water, wastewater, environmental monitoring, and compliance reporting. || PNAC LAB-285 Karachi | LAB-347 Lahore ISO 9001 ISO 14001 Contact +92 310 2288801 +92 315 2006074 +92 42 32296099 info@envitechal.com Karachi Office First Floor, 345, Street 15, Bahadurabad Block 3, Bahadur Yar Jang CHS, Karachi, Sindh 75900, Pakistan Lahore Office 87-E Madina Heights, Office A/30-31, 8th Floor, Maulana Shaukat Ali Road, Johar Town, Lahore, Punjab, Pakistan Services Analytical Lab Services Water Testing Services Wastewater Testing Air Monitoring Equipment Calibration Environmenta"
https://envitechal.com/5-ways-environmental-consultancy-karachi/,200,https://envitechal.com/5-ways-environmental-consultancy-karachi/,text/html; charset=UTF-8,,"public, max-age=0",147748,Environmental Consultancy in Pakistan | Envi Tech AL Environmental Consultancy Karachi – Your Partner in Sustainable Solutions,Environmental Consultancy Karachi – Your Partner in Sustainable Solutions,https://envitechal.com/5-ways-environmental-consultancy-karachi/,"follow, index, max-snippet:-1, max-video-preview:-1, max-image-preview:large",Article;BreadcrumbList;ContactPoint;EducationalOccupationalCredential;EntryPoint;GeoCoordinates;ImageObject;ListItem;LocalBusiness;Offer;OfferCatalog;Organization;PostalAddress;SearchAction;Service;WebSite,https://envitechal.com/#karachi-lab;https://envitechal.com/#lahore-lab;https://envitechal.com/#organization;https://envitechal.com/#website;https://envitechal.com/5-ways-environmental-consultancy-karachi/#article;https://envitechal.com/5-ways-environmental-consultancy-karachi/#breadcrumb,yes,,yes,58,iso 14001;ISO 14001;ISO 9001;LAB-285;LAB-347;PNAC;Sindh EPA,"Expert consultancy helps you avoid penalties and delays, strengthen stakeholder trust, and embed sustainability aligned with ISO 14001 and the UN SDGs . || Compliance readiness: Complete, submission-ready IEE/EIA dossiers for SEPA Evidence-backed decisions: Baseline studies and monitoring that stand up to audits Operational continuity: Practical mitigation to reduce risk and downtime Reputation & access: Stronger community relations and buyer approvals Our Environmental Consultancy Services EIA & IEE (SEPA) Scoping, baseline assessments, and impact analysis Preparation & submission of IEE/EIA as per SEPA rules Stakeholder consultations and public h || Contact Karachi Head Office First Floor, 345, Street 15, Bahadurabad Block 3, Bahadur Yar Jang CHS, Karachi, Sindh 75900 Phone: +92 310 2288801 Lahore Office A-30 & 31, 8th Floor, Madina Heights, Maulana Shaukat Ali Khan Road, Johar Town, Lahore Phone: +92 42 32296099 Book a Consultation Share Project Brief Keywords (visible) Keywords: environmental consultancy karachi, environmental consultants in karachi, sepa compliance, environmental testing karachi, eia report karachi, iee report karachi, e || PNAC LAB-285 Karachi | LAB-347 Lahore ISO 9001 ISO 14001 Contact +92 310 2288801 +92 315 2006074 +92 42 32296099 info@envitechal.com Karachi Office First Floor, 345, Street 15, Bahadurabad Block 3, Bahadur Yar Jang CHS, Karachi, Sindh 75900, Pakistan Lahore Office 87-E Madina Heights, Office A/30-31, 8th Floor, Maulana Shaukat Ali Road, Johar Town, Lahore, Punjab, Pakistan Services Analytical Lab Services Water Testing Services Wastewater Testing Air Monitoring Equipment Calibration Environmenta"
https://envitechal.com/9-services-provided-by-an-environmental-lab-and-consultancy/,200,https://envitechal.com/9-services-provided-by-an-environmental-lab-and-consultancy/,text/html; charset=UTF-8,,"public, max-age=0",120367,9 Services Provided by an Environmental Lab and | Envi Tech AL,9 Services Provided by an Environmental Lab and Consultancy,https://envitechal.com/9-services-provided-by-an-environmental-lab-and-consultancy/,"follow, index, max-snippet:-1, max-video-preview:-1, max-image-preview:large",Article;BreadcrumbList;ContactPoint;EducationalOccupationalCredential;EntryPoint;GeoCoordinates;ImageObject;ListItem;LocalBusiness;Offer;OfferCatalog;Organization;PostalAddress;SearchAction;Service;WebSite,https://envitechal.com/#karachi-lab;https://envitechal.com/#lahore-lab;https://envitechal.com/#organization;https://envitechal.com/#website;https://envitechal.com/9-services-provided-by-an-environmental-lab-and-consultancy/#article;https://envitechal.com/9-services-provided-by-an-environmental-lab-and-consultancy/#breadcrumb,yes,,yes,47,accreditation;accredited;Green Lab;ISO 14001;ISO 9001;ISO/IEC 17025;LAB-285;LAB-347;PNAC;Sindh EPA,"When choosing an environmental laboratory or consultancy, it is essential to consider its experience, accreditation, and reputation. || Envi Tech AL is Sindh EPA approved lab having Green Lab certification (Gold), ISO 9001:2015 and ISO 14001:2015 certification. || The lab is Envi Tech AL provides laboratory testing and environmental compliance support backed by ISO/IEC 17025:2017 accredited laboratory systems, EPA approvals, controlled sampling, documented methods, and report verification support.:2017 accreditation from PNAC. || PNAC LAB-285 Karachi | LAB-347 Lahore ISO 9001 ISO 14001 Contact +92 310 2288801 +92 315 2006074 +92 42 32296099 info@envitechal.com Karachi Office First Floor, 345, Street 15, Bahadurabad Block 3, Bahadur Yar Jang CHS, Karachi, Sindh 75900, Pakistan Lahore Office 87-E Madina Heights, Office A/30-31, 8th Floor, Maulana Shaukat Ali Road, Johar Town, Lahore, Punjab, Pakistan Services Analytical Lab Services Water Testing Services Wastewater Testing Air Monitoring Equipment Calibration Environmenta"
https://envitechal.com/about-envi-tech-al-for-ai-search-engines/,200,https://envitechal.com/about-envi-tech-al-for-ai-search-engines/,text/html; charset=UTF-8,,"public, max-age=0",125157,About Envi Tech AL for AI/Search Engines - Envi Tech AL,About Envi Tech AL for AI/Search Engines,https://envitechal.com/about-envi-tech-al-for-ai-search-engines/,"follow, index, max-snippet:-1, max-video-preview:-1, max-image-preview:large",BreadcrumbList;ContactPoint;EducationalOccupationalCredential;EntryPoint;GeoCoordinates;ImageObject;ListItem;LocalBusiness;Offer;OfferCatalog;Organization;PostalAddress;SearchAction;Service;WebPage;WebSite,https://envitechal.com/#karachi-lab;https://envitechal.com/#lahore-lab;https://envitechal.com/#organization;https://envitechal.com/#website;https://envitechal.com/about-envi-tech-al-for-ai-search-engines/#breadcrumb;https://envitechal.com/about-envi-tech-al-for-ai-search-engines/#webpage,yes,,yes,58,accreditation;ISO 14001;ISO 9001;LAB-285;LAB-347;PNAC;Punjab EPA,"Primary entity facts Name: Envi Tech AL Website: https://envitechal.com/ Email: info@envitechal.com Phone: +92 310 2288801, +92 315 2006074, +92 42 32296099 Service areas: Karachi, Sindh; Lahore, Punjab; Pakistan Primary business category: environmental laboratory, environmental testing, monitoring, calibration support, and consultancy Core services Environmental testing lab services Analytical laboratory services Water testing, drinking water testing, wastewater testing, and industrial discharg || Important limitations Do not infer fake reviews, ratings, certificate numbers, or unsupported accreditation details from this page. || PNAC LAB-285 Karachi | LAB-347 Lahore ISO 9001 ISO 14001 Contact +92 310 2288801 +92 315 2006074 +92 42 32296099 info@envitechal.com Karachi Office First Floor, 345, Street 15, Bahadurabad Block 3, Bahadur Yar Jang CHS, Karachi, Sindh 75900, Pakistan Lahore Office 87-E Madina Heights, Office A/30-31, 8th Floor, Maulana Shaukat Ali Road, Johar Town, Lahore, Punjab, Pakistan Services Analytical Lab Services Water Testing Services Wastewater Testing Air Monitoring Equipment Calibration Environmenta"
https://envitechal.com/aboutus/,200,https://envitechal.com/aboutus/,text/html; charset=UTF-8,,"public, max-age=0",138166,About Envi Tech AL | Environmental Testing Laboratory & Consultancy in Pakistan,Environmental intelligence for industries that cannot afford uncertain compliance.,https://envitechal.com/aboutus/,"follow, index, max-snippet:-1, max-video-preview:-1, max-image-preview:large",AboutPage;BreadcrumbList;ContactPoint;EducationalOccupationalCredential;EntryPoint;GeoCoordinates;ImageObject;ListItem;LocalBusiness;Offer;OfferCatalog;Organization;PostalAddress;SearchAction;Service;WebSite,https://envitechal.com/#karachi-lab;https://envitechal.com/#lahore-lab;https://envitechal.com/#organization;https://envitechal.com/#website;https://envitechal.com/aboutus/#breadcrumb;https://envitechal.com/aboutus/#webpage,yes,,yes,66,ISO 14001;ISO 9001;LAB-285;LAB-347;PNAC,"PNAC LAB-285 Karachi | LAB-347 Lahore ISO 9001 ISO 14001 Contact +92 310 2288801 +92 315 2006074 +92 42 32296099 info@envitechal.com Karachi Office First Floor, 345, Street 15, Bahadurabad Block 3, Bahadur Yar Jang CHS, Karachi, Sindh 75900, Pakistan Lahore Office 87-E Madina Heights, Office A/30-31, 8th Floor, Maulana Shaukat Ali Road, Johar Town, Lahore, Punjab, Pakistan Services Analytical Lab Services Water Testing Services Wastewater Testing Air Monitoring Equipment Calibration Environmenta"
https://envitechal.com/accreditations-certifications/,200,https://envitechal.com/accreditations-certifications/,text/html; charset=UTF-8,,"public, max-age=0",115242,"Certifications, Approvals & Laboratory Quality Credentials | Envi Tech AL","Certifications, Approvals & Laboratory Quality Credentials",https://envitechal.com/accreditations-certifications/,"follow, index, max-snippet:-1, max-video-preview:-1, max-image-preview:large",BreadcrumbList;ContactPoint;EducationalOccupationalCredential;EntryPoint;GeoCoordinates;ImageObject;ListItem;LocalBusiness;Offer;OfferCatalog;Organization;PostalAddress;SearchAction;Service;WebPage;WebSite,https://envitechal.com/#karachi-lab;https://envitechal.com/#lahore-lab;https://envitechal.com/#organization;https://envitechal.com/#website;https://envitechal.com/accreditations-certifications/#breadcrumb;https://envitechal.com/accreditations-certifications/#webpage,yes,,yes,55,accreditation;Accreditation;accredited;ISO 14001;ISO 9001;ISO/IEC 17025;LAB-285;LAB-347;PNAC;Punjab EPA;Sindh EPA,"Sindh EPA document with current confirmation required Punjab EPA 2025–2028 official record PNAC LAB-285 for Karachi and LAB-347 for Lahore, each limited to its published scope ISO 9001:2015 and ISO 14001:2015 certificates Credential cards Laboratory and compliance trust signals customers commonly verify The information below is intentionally careful: it explains credential categories without inventing unsupported certificate numbers, ratings, or claims. || Sindh EPA laboratory credential — current confirmation required Issuing body: Sindh Environmental Protection Agency Scope summary: Environmental testing, monitoring, reporting and compliance support relevant to Sindh clients and regulatory submissions. || Review published Sindh EPA document Punjab EPA environmental laboratory certification (2025–2028) Issuing body: Punjab Environmental Protection Agency Scope summary: Environmental testing, monitoring and compliance support relevant to Lahore and Punjab clients. || Validity/status: The official Punjab EPA record publishes Envi Tech AL and its 2025–2028 certificate document. || Open official Punjab EPA certificate ISO 9001:2015 Issuing body: TÜV AUSTRIA Bureau of Inspection & Certification (Pvt) Ltd Scope summary: Quality management system discipline for consistent service delivery and documented operational controls. || Open ISO 9001 certificate ISO 14001:2015 Issuing body: TÜV AUSTRIA Bureau of Inspection & Certification (Pvt) Ltd Scope summary: Environmental management system discipline relevant to environmental responsibility and management practice. || Open ISO 14001 certificate ISO/IEC 17025:2017 accreditation — Karachi LAB-285 and Lahore LAB-347 Issuing body: Pakistan National Accreditation Council (PNAC) Scope summary: Karachi LAB-285: only the listed water/wastewater parameters and methods, with hardness, calcium, and magnesium limited to water where stated. || Lahore LAB-347: only the listed water/wastewater parameters and methods. || Validity/status: Karachi LAB-285: first granted 5 May 2023 and document dated 1 June 2026 states validity through 4 May 2029. || Lahore LAB-347: first granted 22 September 2025 and document states validity through 21 September 2028. || Both remain subject to surveillance and current PNAC status. || Verification note: Confirm the laboratory location, matrix, parameter, method, range where stated, and current PNAC status before booking or describing work as accredited. || Open official PNAC active laboratory register Verification pathways Need a verified certificate copy for audit or procurement? || PNAC LAB-285 Karachi | LAB-347 Lahore ISO 9001 ISO 14001 Contact +92 310 2288801 +92 315 2006074 +92 42 32296099 info@envitechal.com Karachi Office First Floor, 345, Street 15, Bahadurabad Block 3, Bahadur Yar Jang CHS, Karachi, Sindh 75900, Pakistan Lahore Office 87-E Madina Heights, Office A/30-31, 8th Floor, Maulana Shaukat Ali Road, Johar Town, Lahore, Punjab, Pakistan Services Analytical Lab Services Water Testing Services Wastewater Testing Air Monitoring Equipment Calibration Environmenta"
https://envitechal.com/ambient-air-monitoring-services/,200,https://envitechal.com/ambient-air-monitoring-services/,text/html; charset=UTF-8,,"public, max-age=0",113524,Ambient Air Monitoring Services in Karachi & Lahore | Envi Tech AL,Ambient Air Monitoring Services in Karachi & Lahore,https://envitechal.com/ambient-air-monitoring-services/,"follow, index, max-snippet:-1, max-video-preview:-1, max-image-preview:large",Answer;BreadcrumbList;ContactPoint;EducationalOccupationalCredential;EntryPoint;FAQPage;GeoCoordinates;ImageObject;ListItem;LocalBusiness;Offer;OfferCatalog;Organization;PostalAddress;Question;SearchAction;Service;WebSite,https://envitechal.com/#karachi-lab;https://envitechal.com/#lahore-lab;https://envitechal.com/#organization;https://envitechal.com/#website;https://envitechal.com/ambient-air-monitoring-services/#breadcrumb;https://envitechal.com/ambient-air-monitoring-services/#service,yes,,yes,52,ISO 14001;ISO 9001;LAB-285;LAB-347;PNAC;Punjab EPA,"Who needs this Industrial plants Construction projects Hospitals and hotels Commercial facilities Project consultants EHS teams What is covered Ambient air monitoring plan Field measurement coordination Particulate matter indicators Gaseous indicators Site observations Compliance reporting support Report use cases Baseline environmental monitoring SEPA or Punjab EPA documentation Construction project monitoring Buyer audit evidence Internal EHS review Corrective action tracking Related pages SEQ || PNAC LAB-285 Karachi | LAB-347 Lahore ISO 9001 ISO 14001 Contact +92 310 2288801 +92 315 2006074 +92 42 32296099 info@envitechal.com Karachi Office First Floor, 345, Street 15, Bahadurabad Block 3, Bahadur Yar Jang CHS, Karachi, Sindh 75900, Pakistan Lahore Office 87-E Madina Heights, Office A/30-31, 8th Floor, Maulana Shaukat Ali Road, Johar Town, Lahore, Punjab, Pakistan Services Analytical Lab Services Water Testing Services Wastewater Testing Air Monitoring Equipment Calibration Environmenta"
https://envitechal.com/ambient-air-quality-monitoring-pakistan/,200,https://envitechal.com/ambient-air-quality-monitoring-pakistan/,text/html; charset=UTF-8,,"public, max-age=0",138450,Ambient Air Quality Monitoring in Pakistan: A | Envi Tech AL,Ambient Air Quality Monitoring in Pakistan: A Practical Guide,https://envitechal.com/ambient-air-quality-monitoring-pakistan/,"follow, index, max-snippet:-1, max-video-preview:-1, max-image-preview:large",Article;BreadcrumbList;ContactPoint;EducationalOccupationalCredential;EntryPoint;GeoCoordinates;ImageObject;ListItem;LocalBusiness;Offer;OfferCatalog;Organization;PostalAddress;SearchAction;Service;WebSite,https://envitechal.com/#karachi-lab;https://envitechal.com/#lahore-lab;https://envitechal.com/#organization;https://envitechal.com/#website;https://envitechal.com/ambient-air-quality-monitoring-pakistan/#article;https://envitechal.com/ambient-air-quality-monitoring-pakistan/#breadcrumb,yes,,yes,49,ISO 14001;ISO 9001;LAB-285;LAB-347;PNAC,"PNAC LAB-285 Karachi | LAB-347 Lahore ISO 9001 ISO 14001 Contact +92 310 2288801 +92 315 2006074 +92 42 32296099 info@envitechal.com Karachi Office First Floor, 345, Street 15, Bahadurabad Block 3, Bahadur Yar Jang CHS, Karachi, Sindh 75900, Pakistan Lahore Office 87-E Madina Heights, Office A/30-31, 8th Floor, Maulana Shaukat Ali Road, Johar Town, Lahore, Punjab, Pakistan Services Analytical Lab Services Water Testing Services Wastewater Testing Air Monitoring Equipment Calibration Environmenta"
https://envitechal.com/ballast-water-testing-imo-karachi-port/,200,https://envitechal.com/ballast-water-testing-imo-karachi-port/,text/html; charset=UTF-8,,"public, max-age=0",139174,Ballast Water Testing & IMO Compliance at Karachi | Envi Tech AL,Ballast Water Testing & IMO Compliance at Karachi Port,https://envitechal.com/ballast-water-testing-imo-karachi-port/,"follow, index, max-snippet:-1, max-video-preview:-1, max-image-preview:large",Article;BreadcrumbList;ContactPoint;EducationalOccupationalCredential;EntryPoint;GeoCoordinates;ImageObject;ListItem;LocalBusiness;Offer;OfferCatalog;Organization;PostalAddress;SearchAction;Service;WebSite,https://envitechal.com/#karachi-lab;https://envitechal.com/#lahore-lab;https://envitechal.com/#organization;https://envitechal.com/#website;https://envitechal.com/ballast-water-testing-imo-karachi-port/#article;https://envitechal.com/ballast-water-testing-imo-karachi-port/#breadcrumb,yes,,yes,55,accreditation;accredited;ISO 14001;ISO 9001;ISO/IEC 17025;LAB-285;LAB-347;PNAC;Punjab EPA;Sindh EPA,"The company fact sheet records ISO/IEC 17025:2017 accreditation, TUV certification, and certification by Sindh EPA and Punjab EPA. || For any quotation, ask the team to confirm the exact accredited or approved scope for the requested parameters. || PNAC LAB-285 Karachi | LAB-347 Lahore ISO 9001 ISO 14001 Contact +92 310 2288801 +92 315 2006074 +92 42 32296099 info@envitechal.com Karachi Office First Floor, 345, Street 15, Bahadurabad Block 3, Bahadur Yar Jang CHS, Karachi, Sindh 75900, Pakistan Lahore Office 87-E Madina Heights, Office A/30-31, 8th Floor, Maulana Shaukat Ali Road, Johar Town, Lahore, Punjab, Pakistan Services Analytical Lab Services Water Testing Services Wastewater Testing Air Monitoring Equipment Calibration Environmenta"
https://envitechal.com/blognewsupdates/,200,https://envitechal.com/blognewsupdates/,text/html; charset=UTF-8,,"public, max-age=0",140080,Knowledge Hub | Envi Tech AL,Environmental testing and compliance insight for better technical decisions.,https://envitechal.com/blognewsupdates/,"follow, index, max-snippet:-1, max-video-preview:-1, max-image-preview:large",BreadcrumbList;ContactPoint;EducationalOccupationalCredential;EntryPoint;GeoCoordinates;ImageObject;ListItem;LocalBusiness;Offer;OfferCatalog;Organization;PostalAddress;SearchAction;Service;WebPage;WebSite,https://envitechal.com/#karachi-lab;https://envitechal.com/#lahore-lab;https://envitechal.com/#organization;https://envitechal.com/#website;https://envitechal.com/blognewsupdates/#breadcrumb;https://envitechal.com/blognewsupdates/#webpage,yes,,yes,85,Accredited;ISO 14001;ISO 9001;LAB-285;LAB-347;PNAC;Punjab EPA;Sindh EPA,"Environmental testing lab Environmental Accredited Testing Laboratory Guide Guidance on environmental testing lab services, sampling scope, compliance evidence, and practical reporting for Karachi, Lahore, and Pakistan. || July 16, 2026 Read article Compliance Sindh EPA vs Punjab EPA: NOC and Approvals Compared Guidance for EPA NOC, compliance documents, audit preparation, and regulatory decisions that need defensible evidence. || July 3, 2026 Read article Compliance Environmental Monitoring Report (EMR/EMP) | Sindh EPA Guide Guidance for EPA NOC, compliance documents, audit preparation, and regulatory decisions that need defensible evidence. || PNAC LAB-285 Karachi | LAB-347 Lahore ISO 9001 ISO 14001 Contact +92 310 2288801 +92 315 2006074 +92 42 32296099 info@envitechal.com Karachi Office First Floor, 345, Street 15, Bahadurabad Block 3, Bahadur Yar Jang CHS, Karachi, Sindh 75900, Pakistan Lahore Office 87-E Madina Heights, Office A/30-31, 8th Floor, Maulana Shaukat Ali Road, Johar Town, Lahore, Punjab, Pakistan Services Analytical Lab Services Water Testing Services Wastewater Testing Air Monitoring Equipment Calibration Environmenta"
https://envitechal.com/calibration-at-artistic-denim-mill-on-19march20/,200,https://envitechal.com/calibration-at-artistic-denim-mill-on-19march20/,text/html; charset=UTF-8,,"public, max-age=0",116297,Calibration Services in Karachi | Envi Tech AL,Performed Calibration at Artistic Denim Mill on 19th March 2020.,https://envitechal.com/calibration-at-artistic-denim-mill-on-19march20/,"follow, index, max-snippet:-1, max-video-preview:-1, max-image-preview:large",Article;BreadcrumbList;ContactPoint;EducationalOccupationalCredential;EntryPoint;GeoCoordinates;ImageObject;ListItem;LocalBusiness;Offer;OfferCatalog;Organization;PostalAddress;SearchAction;Service;WebSite,https://envitechal.com/#karachi-lab;https://envitechal.com/#lahore-lab;https://envitechal.com/#organization;https://envitechal.com/#website;https://envitechal.com/calibration-at-artistic-denim-mill-on-19march20/#article;https://envitechal.com/calibration-at-artistic-denim-mill-on-19march20/#breadcrumb,yes,,yes,43,ISO 14001;ISO 9001;LAB-285;LAB-347;PNAC,"PNAC LAB-285 Karachi | LAB-347 Lahore ISO 9001 ISO 14001 Contact +92 310 2288801 +92 315 2006074 +92 42 32296099 info@envitechal.com Karachi Office First Floor, 345, Street 15, Bahadurabad Block 3, Bahadur Yar Jang CHS, Karachi, Sindh 75900, Pakistan Lahore Office 87-E Madina Heights, Office A/30-31, 8th Floor, Maulana Shaukat Ali Road, Johar Town, Lahore, Punjab, Pakistan Services Analytical Lab Services Water Testing Services Wastewater Testing Air Monitoring Equipment Calibration Environmenta"
https://envitechal.com/careers-at-envi-tech-al/,200,https://envitechal.com/careers-at-envi-tech-al/,text/html; charset=UTF-8,,"public, max-age=0",134679,Careers at Envi Tech AL | Environmental Lab & Field Jobs,Build a technical career where lab discipline meets real environmental decisions.,https://envitechal.com/careers-at-envi-tech-al/,"follow, index, max-snippet:-1, max-video-preview:-1, max-image-preview:large",BreadcrumbList;ContactPoint;EducationalOccupationalCredential;EntryPoint;GeoCoordinates;ImageObject;ListItem;LocalBusiness;Offer;OfferCatalog;Organization;PostalAddress;SearchAction;Service;WebPage;WebSite,https://envitechal.com/#karachi-lab;https://envitechal.com/#lahore-lab;https://envitechal.com/#organization;https://envitechal.com/#website;https://envitechal.com/careers-at-envi-tech-al/#breadcrumb;https://envitechal.com/careers-at-envi-tech-al/#webpage,yes,,yes,44,ISO 14001;ISO 9001;LAB-285;LAB-347;PNAC,"PNAC LAB-285 Karachi | LAB-347 Lahore ISO 9001 ISO 14001 Contact +92 310 2288801 +92 315 2006074 +92 42 32296099 info@envitechal.com Karachi Office First Floor, 345, Street 15, Bahadurabad Block 3, Bahadur Yar Jang CHS, Karachi, Sindh 75900, Pakistan Lahore Office 87-E Madina Heights, Office A/30-31, 8th Floor, Maulana Shaukat Ali Road, Johar Town, Lahore, Punjab, Pakistan Services Analytical Lab Services Water Testing Services Wastewater Testing Air Monitoring Equipment Calibration Environmenta"
https://envitechal.com/ce-marking-certification-in-pakistan/,200,https://envitechal.com/ce-marking-certification-in-pakistan/,text/html; charset=UTF-8,,"public, max-age=0",134238,Consultancy Services for CE Marking Certification | Envi Tech AL,Consultancy Services for CE Marking Certification in Pakistan,https://envitechal.com/ce-marking-certification-in-pakistan/,"follow, index, max-snippet:-1, max-video-preview:-1, max-image-preview:large",Article;BreadcrumbList;ContactPoint;EducationalOccupationalCredential;EntryPoint;GeoCoordinates;ImageObject;ListItem;LocalBusiness;Offer;OfferCatalog;Organization;PostalAddress;SearchAction;Service;WebSite,https://envitechal.com/#karachi-lab;https://envitechal.com/#lahore-lab;https://envitechal.com/#organization;https://envitechal.com/#website;https://envitechal.com/ce-marking-certification-in-pakistan/#article;https://envitechal.com/ce-marking-certification-in-pakistan/#breadcrumb,yes,,yes,43,ISO 14001;ISO 9001;LAB-285;LAB-347;PNAC,"PNAC LAB-285 Karachi | LAB-347 Lahore ISO 9001 ISO 14001 Contact +92 310 2288801 +92 315 2006074 +92 42 32296099 info@envitechal.com Karachi Office First Floor, 345, Street 15, Bahadurabad Block 3, Bahadur Yar Jang CHS, Karachi, Sindh 75900, Pakistan Lahore Office 87-E Madina Heights, Office A/30-31, 8th Floor, Maulana Shaukat Ali Road, Johar Town, Lahore, Punjab, Pakistan Services Analytical Lab Services Water Testing Services Wastewater Testing Air Monitoring Equipment Calibration Environmenta"
https://envitechal.com/choosing-a-reliable-water-testing-company/,200,https://envitechal.com/choosing-a-reliable-water-testing-company/,text/html; charset=UTF-8,,"public, max-age=0",148311,Tips for Choosing a Reliable Water Testing Company | Envi Tech AL,Tips for Choosing a Reliable Water Testing Company,https://envitechal.com/choosing-a-reliable-water-testing-company/,"follow, index, max-snippet:-1, max-video-preview:-1, max-image-preview:large",Article;BreadcrumbList;ContactPoint;EducationalOccupationalCredential;EntryPoint;GeoCoordinates;ImageObject;ListItem;LocalBusiness;Offer;OfferCatalog;Organization;PostalAddress;SearchAction;Service;WebSite,https://envitechal.com/#karachi-lab;https://envitechal.com/#lahore-lab;https://envitechal.com/#organization;https://envitechal.com/#website;https://envitechal.com/choosing-a-reliable-water-testing-company/#article;https://envitechal.com/choosing-a-reliable-water-testing-company/#breadcrumb,yes,,yes,52,accreditation;Accreditation;Green Lab;ISO 14001;ISO 9001;ISO/IEC 17025;LAB-285;LAB-347;PNAC;Sindh EPA,"Also, look for certifications or accreditations from recognized organizations such as the National Environmental Laboratory Accreditation Program (NELAP) or ISO/IEC 17025:2005. || Envi Tech AL is Sindh EPA approved lab having Green Lab certification (Gold), ISO 9001:2015, ISO 14001:2015 certification and ISO 17025:2017 accreditation from PNAC . || PNAC LAB-285 Karachi | LAB-347 Lahore ISO 9001 ISO 14001 Contact +92 310 2288801 +92 315 2006074 +92 42 32296099 info@envitechal.com Karachi Office First Floor, 345, Street 15, Bahadurabad Block 3, Bahadur Yar Jang CHS, Karachi, Sindh 75900, Pakistan Lahore Office 87-E Madina Heights, Office A/30-31, 8th Floor, Maulana Shaukat Ali Road, Johar Town, Lahore, Punjab, Pakistan Services Analytical Lab Services Water Testing Services Wastewater Testing Air Monitoring Equipment Calibration Environmenta"
https://envitechal.com/common-benefits-of-environmental-certification/,200,https://envitechal.com/common-benefits-of-environmental-certification/,text/html; charset=UTF-8,,"public, max-age=0",155836,What Are the Most Common Benefits of Environmental | Envi Tech AL,What Are the Most Common Benefits of Environmental Certification?,https://envitechal.com/common-benefits-of-environmental-certification/,"follow, index, max-snippet:-1, max-video-preview:-1, max-image-preview:large",Article;BreadcrumbList;ContactPoint;EducationalOccupationalCredential;EntryPoint;GeoCoordinates;ImageObject;ListItem;LocalBusiness;Offer;OfferCatalog;Organization;PostalAddress;SearchAction;Service;WebSite,https://envitechal.com/#karachi-lab;https://envitechal.com/#lahore-lab;https://envitechal.com/#organization;https://envitechal.com/#website;https://envitechal.com/common-benefits-of-environmental-certification/#article;https://envitechal.com/common-benefits-of-environmental-certification/#breadcrumb,yes,,yes,48,accreditation;Green Lab;ISO 14001;ISO 9001;LAB-285;LAB-347;PNAC;Sindh EPA,"Envi Tech AL is Sindh EPA approved lab having Green Lab certification (Gold), ISO 9001:2015, ISO 14001:2015 certification and ISO 17025:2017 accreditation from PNAC . || PNAC LAB-285 Karachi | LAB-347 Lahore ISO 9001 ISO 14001 Contact +92 310 2288801 +92 315 2006074 +92 42 32296099 info@envitechal.com Karachi Office First Floor, 345, Street 15, Bahadurabad Block 3, Bahadur Yar Jang CHS, Karachi, Sindh 75900, Pakistan Lahore Office 87-E Madina Heights, Office A/30-31, 8th Floor, Maulana Shaukat Ali Road, Johar Town, Lahore, Punjab, Pakistan Services Analytical Lab Services Water Testing Services Wastewater Testing Air Monitoring Equipment Calibration Environmenta"
https://envitechal.com/complete-environmental-testing-solutions-at-envi-tech-al/,200,https://envitechal.com/complete-environmental-testing-solutions-at-envi-tech-al/,text/html; charset=UTF-8,,"public, max-age=0",140013,Complete Environmental Testing Solutions at Envi | Envi Tech AL,Complete Environmental Testing Solutions at Envi Tech AL,https://envitechal.com/complete-environmental-testing-solutions-at-envi-tech-al/,"follow, index, max-snippet:-1, max-video-preview:-1, max-image-preview:large",Article;BreadcrumbList;ContactPoint;EducationalOccupationalCredential;EntryPoint;GeoCoordinates;ImageObject;ListItem;LocalBusiness;Offer;OfferCatalog;Organization;PostalAddress;SearchAction;Service;WebSite,https://envitechal.com/#karachi-lab;https://envitechal.com/#lahore-lab;https://envitechal.com/#organization;https://envitechal.com/#website;https://envitechal.com/complete-environmental-testing-solutions-at-envi-tech-al/#article;https://envitechal.com/complete-environmental-testing-solutions-at-envi-tech-al/#breadcrumb,yes,,yes,43,Accreditation;accredited;Accredited;ISO 14001;ISO 9001;ISO/IEC 17025;LAB-285;LAB-347;PNAC;Punjab EPA,"Our state-of-the-art environmental laboratory , accredited to ISO/IEC 17025:2017 , provides reliable data to support regulatory compliance, sustainable development, and public health protection across Karachi , Lahore , and other major cities in Pakistan. || Whether you're a manufacturing facility, real estate developer, educational institution, or healthcare provider, our services are designed to meet the growing demand for environmental compliance in alignment with NEQS , SEPA , and Punjab EPA regulations. || ✅ ISO/IEC 17025:2017 Accredited Lab ✅ Recognized by SEPA & EPA Punjab ✅ Comprehensive Testing Scope ✅ Transparent, Timely, and Accurate Reporting ✅ Serving 200+ Clients Nationwide Our mission is to empower industries and institutions with actionable insights and dependable testing so they can confidently meet environmental regulations and reduce their ecological footprint. || – Environmental Laboratory Accreditation PEPA Act 1997 – Full Document (Pakistan Code) #EnvironmentalTestingKarachi #EnvironmentalLabPakistan #AirQualityMonitoring #ISO17025Lab #WaterTestingServices #EnvironmentalConsulting #SustainableIndustry #EPAPakistanCompliance #PollutionControl #ClimateAction Need reliable environmental testing or compliance support? || PNAC LAB-285 Karachi | LAB-347 Lahore ISO 9001 ISO 14001 Contact +92 310 2288801 +92 315 2006074 +92 42 32296099 info@envitechal.com Karachi Office First Floor, 345, Street 15, Bahadurabad Block 3, Bahadur Yar Jang CHS, Karachi, Sindh 75900, Pakistan Lahore Office 87-E Madina Heights, Office A/30-31, 8th Floor, Maulana Shaukat Ali Road, Johar Town, Lahore, Punjab, Pakistan Services Analytical Lab Services Water Testing Services Wastewater Testing Air Monitoring Equipment Calibration Environmenta"
https://envitechal.com/confidential-questions-of-the-hiring-environmental-firm/,200,https://envitechal.com/confidential-questions-of-the-hiring-environmental-firm/,text/html; charset=UTF-8,,"public, max-age=0",145463,Confidential Questions Of The Hiring Environmental | Envi Tech AL,Confidential Questions Of The Hiring Environmental Firm,https://envitechal.com/confidential-questions-of-the-hiring-environmental-firm/,"follow, index, max-snippet:-1, max-video-preview:-1, max-image-preview:large",Article;BreadcrumbList;ContactPoint;EducationalOccupationalCredential;EntryPoint;GeoCoordinates;ImageObject;ListItem;LocalBusiness;Offer;OfferCatalog;Organization;PostalAddress;SearchAction;Service;WebSite,https://envitechal.com/#karachi-lab;https://envitechal.com/#lahore-lab;https://envitechal.com/#organization;https://envitechal.com/#website;https://envitechal.com/confidential-questions-of-the-hiring-environmental-firm/#article;https://envitechal.com/confidential-questions-of-the-hiring-environmental-firm/#breadcrumb,yes,,yes,50,accreditation;accredited;Green Lab;ISO 14001;ISO 9001;ISO/IEC 17025;LAB-285;LAB-347;PNAC;Sindh EPA,"Envi Tech AL is Sindh EPA approved lab having Green Lab certification (Gold), ISO 9001:2015 and ISO 14001:2015 certification. || The lab is Envi Tech AL provides laboratory testing and environmental compliance support backed by ISO/IEC 17025:2017 accredited laboratory systems, EPA approvals, controlled sampling, documented methods, and report verification support.:2017 accreditation from PNAC. || PNAC LAB-285 Karachi | LAB-347 Lahore ISO 9001 ISO 14001 Contact +92 310 2288801 +92 315 2006074 +92 42 32296099 info@envitechal.com Karachi Office First Floor, 345, Street 15, Bahadurabad Block 3, Bahadur Yar Jang CHS, Karachi, Sindh 75900, Pakistan Lahore Office 87-E Madina Heights, Office A/30-31, 8th Floor, Maulana Shaukat Ali Road, Johar Town, Lahore, Punjab, Pakistan Services Analytical Lab Services Water Testing Services Wastewater Testing Air Monitoring Equipment Calibration Environmenta"
https://envitechal.com/consultancy-of-modern-certification-in-pakistan/,200,https://envitechal.com/consultancy-of-modern-certification-in-pakistan/,text/html; charset=UTF-8,,"public, max-age=0",123345,Consultancy of Modern Certification in Pakistan | Envi Tech AL,Consultancy of Modern Certification in Pakistan,https://envitechal.com/consultancy-of-modern-certification-in-pakistan/,"follow, index, max-snippet:-1, max-video-preview:-1, max-image-preview:large",Article;BreadcrumbList;ContactPoint;EducationalOccupationalCredential;EntryPoint;GeoCoordinates;ImageObject;ListItem;LocalBusiness;Offer;OfferCatalog;Organization;PostalAddress;SearchAction;Service;WebSite,https://envitechal.com/#karachi-lab;https://envitechal.com/#lahore-lab;https://envitechal.com/#organization;https://envitechal.com/#website;https://envitechal.com/consultancy-of-modern-certification-in-pakistan/#article;https://envitechal.com/consultancy-of-modern-certification-in-pakistan/#breadcrumb,yes,,yes,50,accreditation;accredited;Green Lab;ISO 14001;ISO 9001;ISO/IEC 17025;LAB-285;LAB-347;PNAC;Sindh EPA,"Envi Tech AL is Sindh EPA approved consultancy for Modern Certifications, Green Lab certification (Gold), ISO 9001:2015 and ISO 14001:2015 certification. || We are Envi Tech AL provides laboratory testing and environmental compliance support backed by ISO/IEC 17025:2017 accredited laboratory systems, EPA approvals, controlled sampling, documented methods, and report verification support.:2017 accreditation from PNAC. || Envi Tech AL is Sindh EPA approved lab having Green Lab certification (Gold), ISO 9001:2015 and ISO 14001:2015 certification. || The lab is Envi Tech AL provides laboratory testing and environmental compliance support backed by ISO/IEC 17025:2017 accredited laboratory systems, EPA approvals, controlled sampling, documented methods, and report verification support.:2017 accreditation from PNAC. || PNAC LAB-285 Karachi | LAB-347 Lahore ISO 9001 ISO 14001 Contact +92 310 2288801 +92 315 2006074 +92 42 32296099 info@envitechal.com Karachi Office First Floor, 345, Street 15, Bahadurabad Block 3, Bahadur Yar Jang CHS, Karachi, Sindh 75900, Pakistan Lahore Office 87-E Madina Heights, Office A/30-31, 8th Floor, Maulana Shaukat Ali Road, Johar Town, Lahore, Punjab, Pakistan Services Analytical Lab Services Water Testing Services Wastewater Testing Air Monitoring Equipment Calibration Environmenta"
https://envitechal.com/consultancy-of-modern-certification-karachi-envi-tech-al/,200,https://envitechal.com/consultancy-of-modern-certification-karachi-envi-tech-al/,text/html; charset=UTF-8,,"public, max-age=0",90382,Consultancy of Modern Certification Karachi – | Envi Tech AL,Consultancy of Modern Certification Karachi – Envi Tech AL,https://envitechal.com/consultancy-of-modern-certification-karachi-envi-tech-al/,"follow, index, max-snippet:-1, max-video-preview:-1, max-image-preview:large",Article;BreadcrumbList;ContactPoint;EducationalOccupationalCredential;EntryPoint;GeoCoordinates;ImageObject;ListItem;LocalBusiness;Offer;OfferCatalog;Organization;PostalAddress;SearchAction;Service;WebSite,https://envitechal.com/#karachi-lab;https://envitechal.com/#lahore-lab;https://envitechal.com/#organization;https://envitechal.com/#website;https://envitechal.com/consultancy-of-modern-certification-karachi-envi-tech-al/#article;https://envitechal.com/consultancy-of-modern-certification-karachi-envi-tech-al/#breadcrumb,yes,,yes,42,accreditation;Green Lab;ISO 14001;ISO 9001;ISO/IEC 17025;LAB-285;LAB-347;PNAC;Sindh EPA,"As a Sindh EPA approved environmental laboratory and consultancy, we support facilities preparing for modern sustainability certifications, environmental approvals, and international buyer audits. || Credentials: • Sindh EPA Approved Environmental Laboratory • Green Lab Certification (Gold) • ISO 9001:2015 Certified • ISO 14001:2015 Certified • In process of ISO/IEC 17025:2017 accreditation from PNAC Specialized Services for Textile & Leather Units Environmental & Chemical Testing: • Wastewater testing (ETP inlet and outlet) • BOD, COD, TSS, TDS analysis • Heavy metals testing • Oil and Grease analysis • Restricted substance testing Certification Advisory & Audit Preparation: • GOTS gap asse || PNAC LAB-285 Karachi | LAB-347 Lahore ISO 9001 ISO 14001 Contact +92 310 2288801 +92 315 2006074 +92 42 32296099 info@envitechal.com Karachi Office First Floor, 345, Street 15, Bahadurabad Block 3, Bahadur Yar Jang CHS, Karachi, Sindh 75900, Pakistan Lahore Office 87-E Madina Heights, Office A/30-31, 8th Floor, Maulana Shaukat Ali Road, Johar Town, Lahore, Punjab, Pakistan Services Analytical Lab Services Water Testing Services Wastewater Testing Air Monitoring Equipment Calibration Environmenta"
https://envitechal.com/contact-us-envi-tech-al/,200,https://envitechal.com/contact-us-envi-tech-al/,text/html; charset=UTF-8,,"public, max-age=0",139001,Contact Envi Tech AL | Environmental Testing Lab Karachi & Lahore,Send the requirement. Get the right environmental testing path.,https://envitechal.com/contact-us-envi-tech-al/,"follow, index, max-snippet:-1, max-video-preview:-1, max-image-preview:large",BreadcrumbList;ContactPoint;EducationalOccupationalCredential;EntryPoint;GeoCoordinates;ImageObject;ListItem;LocalBusiness;Offer;OfferCatalog;Organization;PostalAddress;SearchAction;Service;WebPage;WebSite,https://envitechal.com/#karachi-lab;https://envitechal.com/#lahore-lab;https://envitechal.com/#organization;https://envitechal.com/#website;https://envitechal.com/contact-us-envi-tech-al/#breadcrumb;https://envitechal.com/contact-us-envi-tech-al/#webpage,yes,,yes,43,ISO 14001;ISO 9001;LAB-285;LAB-347;PNAC,"PNAC LAB-285 Karachi | LAB-347 Lahore ISO 9001 ISO 14001 Contact +92 310 2288801 +92 315 2006074 +92 42 32296099 info@envitechal.com Karachi Office First Floor, 345, Street 15, Bahadurabad Block 3, Bahadur Yar Jang CHS, Karachi, Sindh 75900, Pakistan Lahore Office 87-E Madina Heights, Office A/30-31, 8th Floor, Maulana Shaukat Ali Road, Johar Town, Lahore, Punjab, Pakistan Services Analytical Lab Services Water Testing Services Wastewater Testing Air Monitoring Equipment Calibration Environmenta"
https://envitechal.com/downloads/,200,https://envitechal.com/downloads/,text/html; charset=UTF-8,,"public, max-age=0",90417,"Downloads | Environmental Laws, Certificates & Compliance Resources","Compliance documents, certificates, and regulatory references in one clean resource center.",https://envitechal.com/downloads/,"follow, index, max-snippet:-1, max-video-preview:-1, max-image-preview:large",BreadcrumbList;ContactPoint;EducationalOccupationalCredential;EntryPoint;GeoCoordinates;ImageObject;ListItem;LocalBusiness;Offer;OfferCatalog;Organization;PostalAddress;SearchAction;Service;WebPage;WebSite,https://envitechal.com/#karachi-lab;https://envitechal.com/#lahore-lab;https://envitechal.com/#organization;https://envitechal.com/#website;https://envitechal.com/downloads/#breadcrumb;https://envitechal.com/downloads/#webpage,yes,,yes,68,ISO 14001;ISO 9001;LAB-285;LAB-347;PNAC;Punjab EPA;Sindh EPA,"Access Envi Tech AL certificates, environmental laws, Sindh EPA resources, national compliance documents, and Pakistan Accord references for audit planning and regulatory review. || 5 Certifications and accreditations ISO 9001:2015 Certificate PDF ISO 14001:2015 Certificate PDF Sindh EPA published document — confirm current status PDF Punjab EPA Certificate 2025–2028 (official source) PDF PNAC active testing-laboratory register — LAB-285 Karachi and LAB-347 Lahore PDF 9 Sindh environmental laws SEQS compliance guide PDF EIA / IEE Regulations 2021 PDF Environmental Samples Rules 2014 PDF Hazardous Substance Rules 2014 PDF SEQS 2016 PDF Sindh Environmental Protection Act 2014 || PNAC LAB-285 Karachi | LAB-347 Lahore ISO 9001 ISO 14001 Contact +92 310 2288801 +92 315 2006074 +92 42 32296099 info@envitechal.com Karachi Office First Floor, 345, Street 15, Bahadurabad Block 3, Bahadur Yar Jang CHS, Karachi, Sindh 75900, Pakistan Lahore Office 87-E Madina Heights, Office A/30-31, 8th Floor, Maulana Shaukat Ali Road, Johar Town, Lahore, Punjab, Pakistan Services Analytical Lab Services Water Testing Services Wastewater Testing Air Monitoring Equipment Calibration Environmenta"
https://envitechal.com/drinking-water-testing-lab/,200,https://envitechal.com/drinking-water-testing-lab/,text/html; charset=UTF-8,,"public, max-age=0",132115,Drinking Water Testing Lab in Karachi & Lahore | Envi Tech AL,Drinking Water Testing Lab in Karachi & Lahore,https://envitechal.com/drinking-water-testing-lab/,"follow, index, max-snippet:-1, max-video-preview:-1, max-image-preview:large",Answer;BreadcrumbList;ContactPoint;EducationalOccupationalCredential;EntryPoint;FAQPage;GeoCoordinates;ImageObject;ListItem;LocalBusiness;Offer;OfferCatalog;Organization;PostalAddress;Question;SearchAction;Service;WebSite,https://envitechal.com/#karachi-lab;https://envitechal.com/#lahore-lab;https://envitechal.com/#organization;https://envitechal.com/#website;https://envitechal.com/drinking-water-testing-lab/#breadcrumb;https://envitechal.com/drinking-water-testing-lab/#service,yes,,yes,51,ISO 14001;ISO 9001;LAB-285;LAB-347;PNAC,"PNAC LAB-285 Karachi | LAB-347 Lahore ISO 9001 ISO 14001 Contact +92 310 2288801 +92 315 2006074 +92 42 32296099 info@envitechal.com Karachi Office First Floor, 345, Street 15, Bahadurabad Block 3, Bahadur Yar Jang CHS, Karachi, Sindh 75900, Pakistan Lahore Office 87-E Madina Heights, Office A/30-31, 8th Floor, Maulana Shaukat Ali Road, Johar Town, Lahore, Punjab, Pakistan Services Analytical Lab Services Water Testing Services Wastewater Testing Air Monitoring Equipment Calibration Environmenta"
https://envitechal.com/emp-emr-iee-eia-compliance/,200,https://envitechal.com/emp-emr-iee-eia-compliance/,text/html; charset=UTF-8,,"public, max-age=0",129133,"EMP, EMR, IEE, EIA & EPA Compliance Support | Envi Tech AL","EMP, EMR, IEE, EIA, SEPA & Punjab EPA Compliance Support",https://envitechal.com/emp-emr-iee-eia-compliance/,"follow, index, max-snippet:-1, max-video-preview:-1, max-image-preview:large",Answer;BreadcrumbList;ContactPoint;EducationalOccupationalCredential;EntryPoint;FAQPage;GeoCoordinates;ImageObject;ListItem;LocalBusiness;Offer;OfferCatalog;Organization;PostalAddress;Question;SearchAction;Service;WebSite,https://envitechal.com/#karachi-lab;https://envitechal.com/#lahore-lab;https://envitechal.com/#organization;https://envitechal.com/#website;https://envitechal.com/emp-emr-iee-eia-compliance/#breadcrumb;https://envitechal.com/emp-emr-iee-eia-compliance/#service,yes,,yes,51,ISO 14001;ISO 9001;LAB-285;LAB-347;PNAC;Punjab EPA,"EMP, EMR, IEE, EIA & EPA Compliance Support | Envi Tech AL Skip to content Envi Tech AL Menu Menu Home About About Us Knowledge Hub Clients FAQ Lahore Office Our Services Environmental Consultancy Certification Advisory Technical Advisory Analytical Lab Services Water Testing Services Equipment Calibration Environmental Advisory Ballast Water Testing Services Thermal Imaging Inspection Downloads Contact Us Careers Verify Report Compliance documentation EMP, EMR, IEE, EIA, SEPA & Punjab EPA Compl || Karachi environmental lab Lahore environmental lab Service summary EMP, EMR, IEE, EIA, SEPA & Punjab EPA Compliance Support Envi Tech AL supports environmental documentation and consultancy pathways for EMP, EMR, IEE, EIA, SEPA, Punjab EPA, project approvals, audits, monitoring plans, and corrective action follow-up. || Who needs this New projects Operating facilities Construction and real estate teams Factories and exporters Hospitals and hotels Consultants and contractors What is covered IEE and EIA support EMP and EMR planning Monitoring plan alignment SEPA coordination support Punjab EPA support Corrective action documentation Report use cases Project approvals Regulatory submissions Operational compliance Buyer audit response Annual or quarterly reporting Corrective action closure Related pages Environment || Do you support SEPA and Punjab EPA requirements? || PNAC LAB-285 Karachi | LAB-347 Lahore ISO 9001 ISO 14001 Contact +92 310 2288801 +92 315 2006074 +92 42 32296099 info@envitechal.com Karachi Office First Floor, 345, Street 15, Bahadurabad Block 3, Bahadur Yar Jang CHS, Karachi, Sindh 75900, Pakistan Lahore Office 87-E Madina Heights, Office A/30-31, 8th Floor, Maulana Shaukat Ali Road, Johar Town, Lahore, Punjab, Pakistan Services Analytical Lab Services Water Testing Services Wastewater Testing Air Monitoring Equipment Calibration Environmenta"
https://envitechal.com/envi-tech-al-water-testing-lab-solutions-karachi/,200,https://envitechal.com/envi-tech-al-water-testing-lab-solutions-karachi/,text/html; charset=UTF-8,,"public, max-age=0",144371,Water Testing Lab Solutions Karachi | Envi Tech AL,Water Testing Lab Solutions Karachi,https://envitechal.com/envi-tech-al-water-testing-lab-solutions-karachi/,"follow, index, max-snippet:-1, max-video-preview:-1, max-image-preview:large",Article;BreadcrumbList;ContactPoint;EducationalOccupationalCredential;EntryPoint;GeoCoordinates;ImageObject;ListItem;LocalBusiness;Offer;OfferCatalog;Organization;PostalAddress;SearchAction;Service;WebSite,https://envitechal.com/#karachi-lab;https://envitechal.com/#lahore-lab;https://envitechal.com/#organization;https://envitechal.com/#website;https://envitechal.com/envi-tech-al-water-testing-lab-solutions-karachi/#article;https://envitechal.com/envi-tech-al-water-testing-lab-solutions-karachi/#breadcrumb,yes,,yes,49,accreditation;accredited;Green Lab;ISO 14001;ISO 9001;ISO/IEC 17025;LAB-285;LAB-347;PNAC;Sindh EPA,"Envi Tech AL is Sindh EPA approved lab having Green Lab certification (Gold), ISO 9001:2015 and ISO 14001:2015 certification. || The lab is Envi Tech AL provides laboratory testing and environmental compliance support backed by ISO/IEC 17025:2017 accredited laboratory systems, EPA approvals, controlled sampling, documented methods, and report verification support.:2017 accreditation from PNAC.We offer Environmental consultancy services to their valued clients to meet local EPA regulatory requirements (EMP, EMR, HSMP, IEE, EC, ESR & EIA).Envi Tech AL, assists industrial partners to achieve environmental, technical, social, || PNAC LAB-285 Karachi | LAB-347 Lahore ISO 9001 ISO 14001 Contact +92 310 2288801 +92 315 2006074 +92 42 32296099 info@envitechal.com Karachi Office First Floor, 345, Street 15, Bahadurabad Block 3, Bahadur Yar Jang CHS, Karachi, Sindh 75900, Pakistan Lahore Office 87-E Madina Heights, Office A/30-31, 8th Floor, Maulana Shaukat Ali Road, Johar Town, Lahore, Punjab, Pakistan Services Analytical Lab Services Water Testing Services Wastewater Testing Air Monitoring Equipment Calibration Environmenta"
https://envitechal.com/environmental-consultancy-karachi-guide/,200,https://envitechal.com/environmental-consultancy-karachi-guide/,text/html; charset=UTF-8,,"public, max-age=0",157509,Environmental Consultancy in Pakistan | Envi Tech AL,"Environmental Consultancy Karachi: What It Means, Why You Need It & How to Choose",https://envitechal.com/environmental-consultancy-karachi-guide/,"follow, index, max-snippet:-1, max-video-preview:-1, max-image-preview:large",Article;BreadcrumbList;ContactPoint;EducationalOccupationalCredential;EntryPoint;GeoCoordinates;ImageObject;ListItem;LocalBusiness;Offer;OfferCatalog;Organization;PostalAddress;SearchAction;Service;WebSite,https://envitechal.com/#karachi-lab;https://envitechal.com/#lahore-lab;https://envitechal.com/#organization;https://envitechal.com/#website;https://envitechal.com/environmental-consultancy-karachi-guide/#article;https://envitechal.com/environmental-consultancy-karachi-guide/#breadcrumb,yes,,yes,43,ISO 14001;ISO 9001;LAB-285;LAB-347;PNAC;Sindh EPA,"Transparency International Pakistan +1 Key Benefits of Hiring an Environmental Consultant in Karachi For someone without technical background, here are concrete benefits: Benefit What That Means for You Legal compliance Avoid fines or shutdowns by meeting SEPA / Sindh EPA / other regulatory requirements. || What to Look for in an Environmental Consultancy Firm When choosing a consultancy in Karachi / Sindh, check for: Experience & Credentials Past projects in Karachi or Sindh Approved by SEPA or Sindh EPA Certifications (e.g. || Regulations, Policies & Supporting Documents To better understand what environmental consultant will rely on, or what rules you may need to follow, here are important external / internal resources: Sindh Environmental Protection Agency (SEPA / Sindh EPA): Regulatory body for environmental standards, permits. || PNAC LAB-285 Karachi | LAB-347 Lahore ISO 9001 ISO 14001 Contact +92 310 2288801 +92 315 2006074 +92 42 32296099 info@envitechal.com Karachi Office First Floor, 345, Street 15, Bahadurabad Block 3, Bahadur Yar Jang CHS, Karachi, Sindh 75900, Pakistan Lahore Office 87-E Madina Heights, Office A/30-31, 8th Floor, Maulana Shaukat Ali Road, Johar Town, Lahore, Punjab, Pakistan Services Analytical Lab Services Water Testing Services Wastewater Testing Air Monitoring Equipment Calibration Environmenta"
https://envitechal.com/environmental-lab-calibration-services-by-envi-tech-al/,200,https://envitechal.com/environmental-lab-calibration-services-by-envi-tech-al/,text/html; charset=UTF-8,,"public, max-age=0",141452,Calibration Services in Karachi | Envi Tech AL,Environmental Lab & Calibration Services by Envi Tech AL,https://envitechal.com/environmental-lab-calibration-services-by-envi-tech-al/,"follow, index, max-snippet:-1, max-video-preview:-1, max-image-preview:large",Article;BreadcrumbList;ContactPoint;EducationalOccupationalCredential;EntryPoint;GeoCoordinates;ImageObject;ListItem;LocalBusiness;Offer;OfferCatalog;Organization;PostalAddress;SearchAction;Service;WebSite,https://envitechal.com/#karachi-lab;https://envitechal.com/#lahore-lab;https://envitechal.com/#organization;https://envitechal.com/#website;https://envitechal.com/environmental-lab-calibration-services-by-envi-tech-al/#article;https://envitechal.com/environmental-lab-calibration-services-by-envi-tech-al/#breadcrumb,yes,,yes,44,ISO 14001;ISO 9001;LAB-285;LAB-347;PNAC,"PNAC LAB-285 Karachi | LAB-347 Lahore ISO 9001 ISO 14001 Contact +92 310 2288801 +92 315 2006074 +92 42 32296099 info@envitechal.com Karachi Office First Floor, 345, Street 15, Bahadurabad Block 3, Bahadur Yar Jang CHS, Karachi, Sindh 75900, Pakistan Lahore Office 87-E Madina Heights, Office A/30-31, 8th Floor, Maulana Shaukat Ali Road, Johar Town, Lahore, Punjab, Pakistan Services Analytical Lab Services Water Testing Services Wastewater Testing Air Monitoring Equipment Calibration Environmenta"
https://envitechal.com/environmental-monitoring-report-emr-emp-sindh-epa/,200,https://envitechal.com/environmental-monitoring-report-emr-emp-sindh-epa/,text/html; charset=UTF-8,,"public, max-age=0",128534,Environmental Monitoring Report (EMR/EMP) | Sindh EPA Guide,Environmental Monitoring Report (EMR/EMP) | Sindh EPA Guide,https://envitechal.com/environmental-monitoring-report-emr-emp-sindh-epa/,"follow, index, max-snippet:-1, max-video-preview:-1, max-image-preview:large",Answer;Article;BreadcrumbList;ContactPoint;EducationalOccupationalCredential;EntryPoint;FAQPage;GeoCoordinates;HowTo;HowToStep;HowToSupply;HowToTool;ImageObject;ListItem;LocalBusiness;Offer;OfferCatalog;Organization;PostalAddress;Question;SearchAction;Service;WebSite,https://envitechal.com/#karachi-lab;https://envitechal.com/#lahore-lab;https://envitechal.com/#organization;https://envitechal.com/#website;https://envitechal.com/environmental-monitoring-report-emr-emp-sindh-epa/#article;https://envitechal.com/environmental-monitoring-report-emr-emp-sindh-epa/#breadcrumb;https://envitechal.com/environmental-monitoring-report-emr-emp-sindh-epa/#howto,yes,,yes,44,accredited;ISO 14001;ISO 9001;LAB-285;LAB-347;PNAC;Sindh EPA,"Environmental Monitoring Report (EMR/EMP) | Sindh EPA Guide Skip to content Envi Tech AL Menu Menu Home About About Us Knowledge Hub Clients FAQ Lahore Office Our Services Environmental Consultancy Certification Advisory Technical Advisory Analytical Lab Services Water Testing Services Equipment Calibration Environmental Advisory Ballast Water Testing Services Thermal Imaging Inspection Downloads Contact Us Careers Verify Report Compliance Environmental Monitoring Report (EMR/EMP) | Sindh EPA Gu || For Sindh EPA, the report should not read like a generic lab attachment. || This guide explains what a strong EMR/EMP report should contain, which parameters are commonly reviewed, how to prepare the report for Sindh EPA or buyer audits, and when Envi Tech AL can support field monitoring, laboratory testing, reporting, and compliance follow-up. || Sindh EPA support EMP and NOC renewals Sampling and lab evidence Karachi and Lahore coordination What an Environmental Monitoring Report must prove A premium EMR is built around proof, not filler. || Core contents of a Sindh EPA-ready EMR/EMP report The exact structure depends on the project, but a strong Environmental Monitoring Report normally includes the sections below. || Request EMR/EMP support WhatsApp consultation Where Envi Tech AL fits in the workflow Envi Tech AL supports environmental monitoring, accredited laboratory testing, field sampling coordination, compliance reporting, water and wastewater testing, ambient air monitoring, noise monitoring, emissions testing, calibration coordination, and environmental consultancy for industrial and commercial facilities in Pakistan. || When is an EMR needed for Sindh EPA? || PNAC LAB-285 Karachi | LAB-347 Lahore ISO 9001 ISO 14001 Contact +92 310 2288801 +92 315 2006074 +92 42 32296099 info@envitechal.com Karachi Office First Floor, 345, Street 15, Bahadurabad Block 3, Bahadur Yar Jang CHS, Karachi, Sindh 75900, Pakistan Lahore Office 87-E Madina Heights, Office A/30-31, 8th Floor, Maulana Shaukat Ali Road, Johar Town, Lahore, Punjab, Pakistan Services Analytical Lab Services Water Testing Services Wastewater Testing Air Monitoring Equipment Calibration Environmenta"
https://envitechal.com/environmental-monitoring-services-aga-khan-hospital-karachi-pakistan/,200,https://envitechal.com/environmental-monitoring-services-aga-khan-hospital-karachi-pakistan/,text/html; charset=UTF-8,,"public, max-age=0",141873,Environmental Monitoring Services for Aga Khan | Envi Tech AL,"Environmental Monitoring Services for Aga Khan Hospital Karachi, Pakistan",https://envitechal.com/environmental-monitoring-services-aga-khan-hospital-karachi-pakistan/,"follow, index, max-snippet:-1, max-video-preview:-1, max-image-preview:large",Article;BreadcrumbList;ContactPoint;EducationalOccupationalCredential;EntryPoint;GeoCoordinates;ImageObject;ListItem;LocalBusiness;Offer;OfferCatalog;Organization;PostalAddress;SearchAction;Service;WebSite,https://envitechal.com/#karachi-lab;https://envitechal.com/#lahore-lab;https://envitechal.com/#organization;https://envitechal.com/#website;https://envitechal.com/environmental-monitoring-services-aga-khan-hospital-karachi-pakistan/#article;https://envitechal.com/environmental-monitoring-services-aga-khan-hospital-karachi-pakistan/#breadcrumb,yes,,yes,47,accreditation;Green Lab;ISO 14001;ISO 9001;ISO/IEC 17025;LAB-285;LAB-347;PNAC,"Envi Tech AL is an EPA-approved lab, boasting Green Lab certification (Gold), ISO 9001:2015, and ISO 14001:2015 certifications. || Our lab is ISO/IEC 17025:2017 accreditation from PNAC. || PNAC LAB-285 Karachi | LAB-347 Lahore ISO 9001 ISO 14001 Contact +92 310 2288801 +92 315 2006074 +92 42 32296099 info@envitechal.com Karachi Office First Floor, 345, Street 15, Bahadurabad Block 3, Bahadur Yar Jang CHS, Karachi, Sindh 75900, Pakistan Lahore Office 87-E Madina Heights, Office A/30-31, 8th Floor, Maulana Shaukat Ali Road, Johar Town, Lahore, Punjab, Pakistan Services Analytical Lab Services Water Testing Services Wastewater Testing Air Monitoring Equipment Calibration Environmenta"
https://envitechal.com/environmental-testing-faqs-pakistan/,200,https://envitechal.com/environmental-testing-faqs-pakistan/,text/html; charset=UTF-8,,"public, max-age=0",151937,Environmental Testing FAQs Pakistan | Envi Tech AL,Environmental Testing FAQs Pakistan,https://envitechal.com/environmental-testing-faqs-pakistan/,"follow, index, max-snippet:-1, max-video-preview:-1, max-image-preview:large",Answer;BreadcrumbList;ContactPoint;EducationalOccupationalCredential;EntryPoint;FAQPage;GeoCoordinates;ImageObject;ListItem;LocalBusiness;Offer;OfferCatalog;Organization;PostalAddress;Question;SearchAction;Service;WebSite,https://envitechal.com/#karachi-lab;https://envitechal.com/#lahore-lab;https://envitechal.com/#organization;https://envitechal.com/#website;https://envitechal.com/environmental-testing-faqs-pakistan/#breadcrumb,yes,,yes,52,ISO 14001;ISO 9001;LAB-285;LAB-347;PNAC;Punjab EPA;Sindh EPA,"Can wastewater reports support SEPA or Punjab EPA submissions? || Envi Tech AL can support testing, monitoring, documentation and advisory pathways relevant to Sindh EPA requirements. || Can Envi Tech AL support Punjab EPA requirements? || Lahore and Punjab clients can request testing, monitoring and consultancy support for Punjab EPA-related needs. || PNAC LAB-285 Karachi | LAB-347 Lahore ISO 9001 ISO 14001 Contact +92 310 2288801 +92 315 2006074 +92 42 32296099 info@envitechal.com Karachi Office First Floor, 345, Street 15, Bahadurabad Block 3, Bahadur Yar Jang CHS, Karachi, Sindh 75900, Pakistan Lahore Office 87-E Madina Heights, Office A/30-31, 8th Floor, Maulana Shaukat Ali Road, Johar Town, Lahore, Punjab, Pakistan Services Analytical Lab Services Water Testing Services Wastewater Testing Air Monitoring Equipment Calibration Environmenta"
https://envitechal.com/essential-of-insider-environmental-lab-consultancy-results/,200,https://envitechal.com/essential-of-insider-environmental-lab-consultancy-results/,text/html; charset=UTF-8,,"public, max-age=0",147249,Essential of Insider environmental lab & | Envi Tech AL,Essential of Insider environmental lab & consultancy Results,https://envitechal.com/essential-of-insider-environmental-lab-consultancy-results/,"follow, index, max-snippet:-1, max-video-preview:-1, max-image-preview:large",Article;BreadcrumbList;ContactPoint;EducationalOccupationalCredential;EntryPoint;GeoCoordinates;ImageObject;ListItem;LocalBusiness;Offer;OfferCatalog;Organization;PostalAddress;SearchAction;Service;WebSite,https://envitechal.com/#karachi-lab;https://envitechal.com/#lahore-lab;https://envitechal.com/#organization;https://envitechal.com/#website;https://envitechal.com/essential-of-insider-environmental-lab-consultancy-results/#article;https://envitechal.com/essential-of-insider-environmental-lab-consultancy-results/#breadcrumb,yes,,yes,50,accreditation;accredited;Green Lab;ISO 14001;ISO 9001;ISO/IEC 17025;LAB-285;LAB-347;PNAC;Sindh EPA,"Envi Tech AL is Sindh EPA approved lab having Green Lab certification (Gold), ISO 9001:2015 and ISO 14001:2015 certification. || The lab is Envi Tech AL provides laboratory testing and environmental compliance support backed by ISO/IEC 17025:2017 accredited laboratory systems, EPA approvals, controlled sampling, documented methods, and report verification support.:2017 accreditation from PNAC. || PNAC LAB-285 Karachi | LAB-347 Lahore ISO 9001 ISO 14001 Contact +92 310 2288801 +92 315 2006074 +92 42 32296099 info@envitechal.com Karachi Office First Floor, 345, Street 15, Bahadurabad Block 3, Bahadur Yar Jang CHS, Karachi, Sindh 75900, Pakistan Lahore Office 87-E Madina Heights, Office A/30-31, 8th Floor, Maulana Shaukat Ali Road, Johar Town, Lahore, Punjab, Pakistan Services Analytical Lab Services Water Testing Services Wastewater Testing Air Monitoring Equipment Calibration Environmenta"
https://envitechal.com/everything-you-need-to-know-about-gots-certification/,200,https://envitechal.com/everything-you-need-to-know-about-gots-certification/,text/html; charset=UTF-8,,"public, max-age=0",151368,Everything you need to know about GOTS | Envi Tech AL,Everything you need to know about GOTS certification￼,https://envitechal.com/everything-you-need-to-know-about-gots-certification/,"follow, index, max-snippet:-1, max-video-preview:-1, max-image-preview:large",Article;BreadcrumbList;ContactPoint;EducationalOccupationalCredential;EntryPoint;GeoCoordinates;ImageObject;ListItem;LocalBusiness;Offer;OfferCatalog;Organization;PostalAddress;SearchAction;Service;WebSite,https://envitechal.com/#karachi-lab;https://envitechal.com/#lahore-lab;https://envitechal.com/#organization;https://envitechal.com/#website;https://envitechal.com/everything-you-need-to-know-about-gots-certification/#article;https://envitechal.com/everything-you-need-to-know-about-gots-certification/#breadcrumb,yes,,yes,47,Accreditation;ISO 14001;ISO 9001;ISO/IEC 17025;LAB-285;LAB-347;PNAC,"Factors Essential for GOTS Accreditation Synthetic Fibers and Other Chemicals Textiles must have at least 70% organic fibers (such as cotton) that carry the manufactured with organic' designation to get GOTS certification . || How Envi Tech AL Supports Your GOTS Journey At Envi Tech AL , we help textile mills, dyeing units, garment factories, and exporters prepare for sustainability certifications through: Wastewater & ETP Performance Testing Chemical & Heavy Metal Analysis ZDHC Wastewater Compliance Monitoring Environmental Monitoring Reports (EMR) Energy & Water Efficiency Audits Sustainability & Decarbonization Advisory ISO 14001 & ISO/IEC 17025 consultancy With operational presence in Karachi and Lahore , our labo || PNAC LAB-285 Karachi | LAB-347 Lahore ISO 9001 ISO 14001 Contact +92 310 2288801 +92 315 2006074 +92 42 32296099 info@envitechal.com Karachi Office First Floor, 345, Street 15, Bahadurabad Block 3, Bahadur Yar Jang CHS, Karachi, Sindh 75900, Pakistan Lahore Office 87-E Madina Heights, Office A/30-31, 8th Floor, Maulana Shaukat Ali Road, Johar Town, Lahore, Punjab, Pakistan Services Analytical Lab Services Water Testing Services Wastewater Testing Air Monitoring Equipment Calibration Environmenta"
https://envitechal.com/fuel-saving-through-engine-performance-testing/,200,https://envitechal.com/fuel-saving-through-engine-performance-testing/,text/html; charset=UTF-8,,"public, max-age=0",123085,Fuel Saving Through Engine Performance Testing: | Envi Tech AL,Fuel Saving Through Engine Performance Testing: Improve Generator Efficiency,https://envitechal.com/fuel-saving-through-engine-performance-testing/,"follow, index, max-snippet:-1, max-video-preview:-1, max-image-preview:large",Article;BreadcrumbList;ContactPoint;EducationalOccupationalCredential;EntryPoint;GeoCoordinates;ImageObject;ListItem;LocalBusiness;Offer;OfferCatalog;Organization;PostalAddress;SearchAction;Service;WebSite,https://envitechal.com/#karachi-lab;https://envitechal.com/#lahore-lab;https://envitechal.com/#organization;https://envitechal.com/#website;https://envitechal.com/fuel-saving-through-engine-performance-testing/#article;https://envitechal.com/fuel-saving-through-engine-performance-testing/#breadcrumb,yes,,yes,45,ISO 14001;ISO 9001;LAB-285;LAB-347;PNAC,"PNAC LAB-285 Karachi | LAB-347 Lahore ISO 9001 ISO 14001 Contact +92 310 2288801 +92 315 2006074 +92 42 32296099 info@envitechal.com Karachi Office First Floor, 345, Street 15, Bahadurabad Block 3, Bahadur Yar Jang CHS, Karachi, Sindh 75900, Pakistan Lahore Office 87-E Madina Heights, Office A/30-31, 8th Floor, Maulana Shaukat Ali Road, Johar Town, Lahore, Punjab, Pakistan Services Analytical Lab Services Water Testing Services Wastewater Testing Air Monitoring Equipment Calibration Environmenta"
https://envitechal.com/gaseous-air-emission-testing-lab-near-me/,200,https://envitechal.com/gaseous-air-emission-testing-lab-near-me/,text/html; charset=UTF-8,,"public, max-age=0",141717,Gaseous & Stack Emission Testing Lab in Karachi & Lahore | Envi Tech AL,Gaseous & Stack Emission Testing Lab in Karachi & Lahore,https://envitechal.com/gaseous-air-emission-testing-lab-near-me/,"follow, index, max-snippet:-1, max-video-preview:-1, max-image-preview:large",Article;BreadcrumbList;ContactPoint;EducationalOccupationalCredential;EntryPoint;GeoCoordinates;ImageObject;ListItem;LocalBusiness;Offer;OfferCatalog;Organization;PostalAddress;SearchAction;Service;WebSite,https://envitechal.com/#karachi-lab;https://envitechal.com/#lahore-lab;https://envitechal.com/#organization;https://envitechal.com/#website;https://envitechal.com/gaseous-air-emission-testing-lab-near-me/#article;https://envitechal.com/gaseous-air-emission-testing-lab-near-me/#breadcrumb,yes,,yes,44,ISO 14001;ISO 9001;ISO/IEC 17025;LAB-285;LAB-347;PNAC;Punjab EPA;Sindh EPA,"Karachi facilities normally require alignment with SEQS and Sindh EPA expectations, while Lahore and Punjab facilities require alignment with PEQS and Punjab EPA expectations. || Framework Full name Where it applies Why it matters SEQS Sindh Environmental Quality Standards Karachi and other Sindh facilities Used for industrial gaseous emission compliance and Sindh EPA reporting. || PEQS Punjab Environmental Quality Standards Lahore and Punjab facilities Used for industrial gaseous emission compliance and Punjab EPA reporting. || For authority references, users may review the Punjab EPA PEQS resources , PNAC , Pakistan EPA , and the ISO/IEC 17025 laboratory competence standard . || PNAC LAB-285 Karachi | LAB-347 Lahore ISO 9001 ISO 14001 Contact +92 310 2288801 +92 315 2006074 +92 42 32296099 info@envitechal.com Karachi Office First Floor, 345, Street 15, Bahadurabad Block 3, Bahadur Yar Jang CHS, Karachi, Sindh 75900, Pakistan Lahore Office 87-E Madina Heights, Office A/30-31, 8th Floor, Maulana Shaukat Ali Road, Johar Town, Lahore, Punjab, Pakistan Services Analytical Lab Services Water Testing Services Wastewater Testing Air Monitoring Equipment Calibration Environmenta"
https://envitechal.com/gots-certification-consultancy-of-ginning-factory-in-uthal/,200,https://envitechal.com/gots-certification-consultancy-of-ginning-factory-in-uthal/,text/html; charset=UTF-8,,"public, max-age=0",146124,GOTS Certification Consultancy of Ginning Factory | Envi Tech AL,"GOTS Certification Consultancy of Ginning Factory in Uthal, Balochistan.",https://envitechal.com/gots-certification-consultancy-of-ginning-factory-in-uthal/,"follow, index, max-snippet:-1, max-video-preview:-1, max-image-preview:large",Article;BreadcrumbList;ContactPoint;EducationalOccupationalCredential;EntryPoint;GeoCoordinates;ImageObject;ListItem;LocalBusiness;Offer;OfferCatalog;Organization;PostalAddress;SearchAction;Service;WebSite,https://envitechal.com/#karachi-lab;https://envitechal.com/#lahore-lab;https://envitechal.com/#organization;https://envitechal.com/#website;https://envitechal.com/gots-certification-consultancy-of-ginning-factory-in-uthal/#article;https://envitechal.com/gots-certification-consultancy-of-ginning-factory-in-uthal/#breadcrumb,yes,,yes,43,Accredited;Green Lab;ISO 14001;ISO 9001;ISO/IEC 17025;LAB-285;LAB-347;PNAC,"We offer: Comprehensive GOTS certification consultancy services in Pakistan Customized training and compliance workshops Documentation and policy support for organic certification Internal audits and gap assessments We are recognized by: Sindh Environmental Protection Agency (SEPA) – Approved Lab Green Lab Certification (Gold) ISO 9001:2015 and ISO 14001:2015 Certified ISO/IEC 17025:2017 Accredited Laboratory by PNAC Explore our Environmental Testing Services to see how we assist industries in r || PNAC LAB-285 Karachi | LAB-347 Lahore ISO 9001 ISO 14001 Contact +92 310 2288801 +92 315 2006074 +92 42 32296099 info@envitechal.com Karachi Office First Floor, 345, Street 15, Bahadurabad Block 3, Bahadur Yar Jang CHS, Karachi, Sindh 75900, Pakistan Lahore Office 87-E Madina Heights, Office A/30-31, 8th Floor, Maulana Shaukat Ali Road, Johar Town, Lahore, Punjab, Pakistan Services Analytical Lab Services Water Testing Services Wastewater Testing Air Monitoring Equipment Calibration Environmenta"
https://envitechal.com/high-tech-equipment-water-testing/,200,https://envitechal.com/high-tech-equipment-water-testing/,text/html; charset=UTF-8,,"public, max-age=0",144453,High Tech Equipment & Professional Water Testing | Envi Tech AL,High Tech Equipment & Professional Water Testing Service,https://envitechal.com/high-tech-equipment-water-testing/,"follow, index, max-snippet:-1, max-video-preview:-1, max-image-preview:large",Article;BreadcrumbList;ContactPoint;EducationalOccupationalCredential;EntryPoint;GeoCoordinates;ImageObject;ListItem;LocalBusiness;Offer;OfferCatalog;Organization;PostalAddress;SearchAction;Service;WebSite,https://envitechal.com/#karachi-lab;https://envitechal.com/#lahore-lab;https://envitechal.com/#organization;https://envitechal.com/#website;https://envitechal.com/high-tech-equipment-water-testing/#article;https://envitechal.com/high-tech-equipment-water-testing/#breadcrumb,yes,,yes,49,accreditation;accredited;Accredited;Green Lab;ISO 14001;ISO 9001;ISO/IEC 17025;LAB-285;LAB-347;PNAC;Sindh EPA,"Why Choose Envi Tech AL PNAC Accredited EPA Approved TDAP Registered Member of PLGMEA ISO Certified Green Lab Certified Effective Water Testing involves appropriately identifying the types of characteristics. || In conclusion, Envi Tech AL is proud to have achieved ISO/IEC 17025:2017 accreditation and is committed to continuing to provide exceptional service to our clients. || Envi Tech AL is Sindh EPA approved lab having Green Lab certification (Gold), ISO 9001:2015 and ISO 14001:2015 certification. || The lab is Envi Tech AL provides laboratory testing and environmental compliance support backed by ISO/IEC 17025:2017 accredited laboratory systems, EPA approvals, controlled sampling, documented methods, and report verification support.:2017 accreditation from PNAC. || PNAC LAB-285 Karachi | LAB-347 Lahore ISO 9001 ISO 14001 Contact +92 310 2288801 +92 315 2006074 +92 42 32296099 info@envitechal.com Karachi Office First Floor, 345, Street 15, Bahadurabad Block 3, Bahadur Yar Jang CHS, Karachi, Sindh 75900, Pakistan Lahore Office 87-E Madina Heights, Office A/30-31, 8th Floor, Maulana Shaukat Ali Road, Johar Town, Lahore, Punjab, Pakistan Services Analytical Lab Services Water Testing Services Wastewater Testing Air Monitoring Equipment Calibration Environmenta"
https://envitechal.com/how-to-choose-the-suitable-environmental-lab/,200,https://envitechal.com/how-to-choose-the-suitable-environmental-lab/,text/html; charset=UTF-8,,"public, max-age=0",128306,Selecting the Right Environmental Lab: A Useful Guide | Envi Tech AL,Selecting the Right Environmental Lab: A Useful Guide,https://envitechal.com/how-to-choose-the-suitable-environmental-lab/,"follow, index, max-snippet:-1, max-video-preview:-1, max-image-preview:large",Article;BreadcrumbList;ContactPoint;EducationalOccupationalCredential;EntryPoint;GeoCoordinates;ImageObject;ListItem;LocalBusiness;Offer;OfferCatalog;Organization;PostalAddress;SearchAction;Service;WebSite,https://envitechal.com/#karachi-lab;https://envitechal.com/#lahore-lab;https://envitechal.com/#organization;https://envitechal.com/#website;https://envitechal.com/how-to-choose-the-suitable-environmental-lab/#article;https://envitechal.com/how-to-choose-the-suitable-environmental-lab/#breadcrumb,yes,,yes,53,accreditation;Accreditation;ISO 14001;ISO 9001;LAB-285;LAB-347;PNAC,"Accreditation and Certifications Certifications and accreditation are essential considerations when selecting an environmental laboratory . || Seek out laboratories that have earned accreditation from reputable agencies like the National Environmental Laboratory Accreditation Program (NELAP) or the International Organization for Standardization (ISO). || PNAC LAB-285 Karachi | LAB-347 Lahore ISO 9001 ISO 14001 Contact +92 310 2288801 +92 315 2006074 +92 42 32296099 info@envitechal.com Karachi Office First Floor, 345, Street 15, Bahadurabad Block 3, Bahadur Yar Jang CHS, Karachi, Sindh 75900, Pakistan Lahore Office 87-E Madina Heights, Office A/30-31, 8th Floor, Maulana Shaukat Ali Road, Johar Town, Lahore, Punjab, Pakistan Services Analytical Lab Services Water Testing Services Wastewater Testing Air Monitoring Equipment Calibration Environmenta"
https://envitechal.com/how-to-read-water-test-report-peqs-who/,200,https://envitechal.com/how-to-read-water-test-report-peqs-who/,text/html; charset=UTF-8,,"public, max-age=0",129212,"How to Read a Water Test Report (PEQS, WHO & SEQS) | Envi Tech AL","How to Read a Water Test Report (PEQS, WHO & SEQS)",https://envitechal.com/how-to-read-water-test-report-peqs-who/,"follow, index, max-snippet:-1, max-video-preview:-1, max-image-preview:large",Article;BreadcrumbList;ContactPoint;EducationalOccupationalCredential;EntryPoint;GeoCoordinates;ImageObject;ListItem;LocalBusiness;Offer;OfferCatalog;Organization;PostalAddress;SearchAction;Service;WebSite,https://envitechal.com/#karachi-lab;https://envitechal.com/#lahore-lab;https://envitechal.com/#organization;https://envitechal.com/#website;https://envitechal.com/how-to-read-water-test-report-peqs-who/#article;https://envitechal.com/how-to-read-water-test-report-peqs-who/#breadcrumb,yes,,yes,47,accreditation;ISO 14001;ISO 9001;ISO/IEC 17025;LAB-285;LAB-347;PNAC;Punjab EPA;Sindh EPA,"The company facts confirm ISO/IEC 17025:2017 accreditation, TUV certification, and Sindh EPA and Punjab EPA certification. || PNAC LAB-285 Karachi | LAB-347 Lahore ISO 9001 ISO 14001 Contact +92 310 2288801 +92 315 2006074 +92 42 32296099 info@envitechal.com Karachi Office First Floor, 345, Street 15, Bahadurabad Block 3, Bahadur Yar Jang CHS, Karachi, Sindh 75900, Pakistan Lahore Office 87-E Madina Heights, Office A/30-31, 8th Floor, Maulana Shaukat Ali Road, Johar Town, Lahore, Punjab, Pakistan Services Analytical Lab Services Water Testing Services Wastewater Testing Air Monitoring Equipment Calibration Environmenta"
https://envitechal.com/iee-vs-eia-vs-emp-vs-noc-pakistan/,200,https://envitechal.com/iee-vs-eia-vs-emp-vs-noc-pakistan/,text/html; charset=UTF-8,,"public, max-age=0",154753,"IEE vs EIA, EMP or NOC: Which Route? | Envi Tech AL","IEE vs EIA, EMP or NOC: Which Route?",https://envitechal.com/iee-vs-eia-vs-emp-vs-noc-pakistan/,"follow, index, max-snippet:-1, max-video-preview:-1, max-image-preview:large",Article;BreadcrumbList;ContactPoint;EducationalOccupationalCredential;EntryPoint;GeoCoordinates;ImageObject;ListItem;LocalBusiness;Offer;OfferCatalog;Organization;PostalAddress;SearchAction;Service;WebSite,https://envitechal.com/#karachi-lab;https://envitechal.com/#lahore-lab;https://envitechal.com/#organization;https://envitechal.com/#website;https://envitechal.com/iee-vs-eia-vs-emp-vs-noc-pakistan/#article;https://envitechal.com/iee-vs-eia-vs-emp-vs-noc-pakistan/#breadcrumb,yes,,yes,55,ISO 14001;ISO 9001;LAB-285;LAB-347;PNAC;Punjab EPA;Sindh EPA,"See Sindh EPA , Sindh EPA public downloads and the federal environment portal . || Internal Pathways Useful Envi Tech AL resources for approval planning Sindh EPA NOC guide Review the Sindh EPA NOC guide for connected buyer and authority terminology. || Sindh vs Punjab comparison Compare Sindh EPA and Punjab EPA approval language before copying a file between provinces. || Sindh Environmental Protection Agency Visit the Sindh EPA website Sindh EPA public downloads Check Sindh EPA downloads Federal environment portal Review federal environment information FAQ IEE, EIA, EMP and NOC questions buyers ask Is an EMP the same as an EIA? || Regulatory orientation was checked against public Sindh EPA and federal environment information on 3 August 2026. || PNAC LAB-285 Karachi | LAB-347 Lahore ISO 9001 ISO 14001 Contact +92 310 2288801 +92 315 2006074 +92 42 32296099 info@envitechal.com Karachi Office First Floor, 345, Street 15, Bahadurabad Block 3, Bahadur Yar Jang CHS, Karachi, Sindh 75900, Pakistan Lahore Office 87-E Madina Heights, Office A/30-31, 8th Floor, Maulana Shaukat Ali Road, Johar Town, Lahore, Punjab, Pakistan Services Analytical Lab Services Water Testing Services Wastewater Testing Air Monitoring Equipment Calibration Environmenta"
https://envitechal.com/industrial-hygiene-monitoring/,200,https://envitechal.com/industrial-hygiene-monitoring/,text/html; charset=UTF-8,,"public, max-age=0",128886,Industrial Hygiene Monitoring Services | Envi Tech AL,Industrial Hygiene Monitoring Services,https://envitechal.com/industrial-hygiene-monitoring/,"follow, index, max-snippet:-1, max-video-preview:-1, max-image-preview:large",Answer;BreadcrumbList;ContactPoint;EducationalOccupationalCredential;EntryPoint;FAQPage;GeoCoordinates;ImageObject;ListItem;LocalBusiness;Offer;OfferCatalog;Organization;PostalAddress;Question;SearchAction;Service;WebSite,https://envitechal.com/#karachi-lab;https://envitechal.com/#lahore-lab;https://envitechal.com/#organization;https://envitechal.com/#website;https://envitechal.com/industrial-hygiene-monitoring/#breadcrumb;https://envitechal.com/industrial-hygiene-monitoring/#service,yes,,yes,51,ISO 14001;ISO 9001;LAB-285;LAB-347;PNAC,"PNAC LAB-285 Karachi | LAB-347 Lahore ISO 9001 ISO 14001 Contact +92 310 2288801 +92 315 2006074 +92 42 32296099 info@envitechal.com Karachi Office First Floor, 345, Street 15, Bahadurabad Block 3, Bahadur Yar Jang CHS, Karachi, Sindh 75900, Pakistan Lahore Office 87-E Madina Heights, Office A/30-31, 8th Floor, Maulana Shaukat Ali Road, Johar Town, Lahore, Punjab, Pakistan Services Analytical Lab Services Water Testing Services Wastewater Testing Air Monitoring Equipment Calibration Environmenta"
https://envitechal.com/iso-17025-accredited-lab-pakistan/,200,https://envitechal.com/iso-17025-accredited-lab-pakistan/,text/html; charset=UTF-8,,"public, max-age=0",99614,Environmental Accredited Testing Laboratory Guide | Envi Tech AL,Environmental Accredited Testing Laboratory Guide,https://envitechal.com/iso-17025-accredited-lab-pakistan/,"follow, index, max-snippet:-1, max-video-preview:-1, max-image-preview:large",Article;BreadcrumbList;ContactPoint;EducationalOccupationalCredential;EntryPoint;GeoCoordinates;ImageObject;ListItem;LocalBusiness;Offer;OfferCatalog;Organization;PostalAddress;SearchAction;Service;WebSite,https://envitechal.com/#karachi-lab;https://envitechal.com/#lahore-lab;https://envitechal.com/#organization;https://envitechal.com/#website;https://envitechal.com/iso-17025-accredited-lab-pakistan/#article;https://envitechal.com/iso-17025-accredited-lab-pakistan/#breadcrumb,yes,,yes,53,accreditation;Accreditation;accredited;Accredited;ISO 14001;ISO 9001;ISO/IEC 17025;LAB-285;LAB-347;PNAC;Punjab EPA;Sindh EPA,"Environmental Accredited Testing Laboratory Guide | Envi Tech AL Skip to content Envi Tech AL Menu Menu Home About About Us Knowledge Hub Clients FAQ Lahore Office Our Services Environmental Consultancy Certification Advisory Technical Advisory Analytical Lab Services Water Testing Services Equipment Calibration Environmental Advisory Ballast Water Testing Services Thermal Imaging Inspection Downloads Contact Us Careers Verify Report Environmental testing lab Environmental Accredited Testing Lab || ISO/IEC 17025 accreditation should still be checked against the exact scope, method, location and sample matrix before anyone relies on the report. || Buy the right evidence trail: current accreditation proof, parameter scope, defensible sampling, traceable reporting and a plain explanation of what the result can and cannot prove. || In this guide Key takeaways Scope check Decision matrix How to brief the lab After the report FAQs Key takeaways for audit-ready reporting Scope beats slogans: confirm the parameter, method and matrix, not only the ISO/IEC 17025 certificate name. || Accredited vs non-accredited is a purpose decision: screening work may be useful, but formal evidence often needs accredited reporting. || Claims must stay cautious: accreditation does not automatically cover every test, every site or every future method revision. || What ISO/IEC 17025 means, and what it does not mean ISO/IEC 17025 is used for testing and calibration laboratory competence. || A laboratory may be accredited for one method, location or matrix and not for another. || That is why a PNAC accredited lab request should always include the intended parameter, sample type, report purpose and any buyer or authority wording that the report must satisfy. || Before confirming a quotation, ask for: Current accreditation evidence and the relevant scope page. || Whether the final report will identify accredited and non-accredited items clearly. || Accredited vs non-accredited reports: decision matrix How to choose the evidence level before testing Regulator-facing evidence or approval file Preferred route: Accredited reporting where the parameter is within scope; note any exceptions transparently. || Customer, tender or supplier audit Preferred route: Match the buyer wording exactly, then confirm accredited scope before sampling. || Internal screening or troubleshooting Preferred route: Non-accredited or screening work may be acceptable if the decision is internal and limited. || For Envi Tech AL, the company facts support careful positioning: ISO/IEC 17025:2017 accreditation, TUV certification, Sindh EPA certification and Punjab EPA certification. || Those facts should not be stretched into claims that every service, branch, parameter or method is automatically inside accredited scope. || Mid-article action Need a defensible accredited testing scope? || Why accreditation matters for commercial decisions For procurement teams, why accreditation matters is usually simple: the report may be used outside the technical department. || These pages help buyers connect accreditation evidence with the service path they actually need. || Authoritative references used cautiously For public context, compare this guidance with Pakistan National Accreditation Council information , ISO CASCO conformity assessment examples and ISO measurement traceability guidance . || Frequently asked questions Is every test from an accredited lab automatically accredited? || Accreditation applies to a defined scope. || Why do auditors ask for ISO/IEC 17025? || Can Envi Tech AL provide accreditation evidence? || Buyers should request current accreditation, certification and scope evidence during quotation or audit preparation. || Is a non-accredited report useless? || Close the evidence gap before sampling For a defined accredited testing laboratory scope, quotation or report review, contact Envi Tech AL before the site visit so the right evidence is planned from the start. || PNAC LAB-285 Karachi | LAB-347 Lahore ISO 9001 ISO 14001 Contact +92 310 2288801 +92 315 2006074 +92 42 32296099 info@envitechal.com Karachi Office First Floor, 345, Street 15, Bahadurabad Block 3, Bahadur Yar Jang CHS, Karachi, Sindh 75900, Pakistan Lahore Office 87-E Madina Heights, Office A/30-31, 8th Floor, Maulana Shaukat Ali Road, Johar Town, Lahore, Punjab, Pakistan Services Analytical Lab Services Water Testing Services Wastewater Testing Air Monitoring Equipment Calibration Environmenta"
https://envitechal.com/karachi-environmental-lab/,200,https://envitechal.com/karachi-environmental-lab/,text/html; charset=UTF-8,,"public, max-age=0",120182,Environmental Testing Lab in Karachi | Envi Tech AL,"Environmental Testing Lab in Karachi, Sindh",https://envitechal.com/karachi-environmental-lab/,"follow, index, max-snippet:-1, max-video-preview:-1, max-image-preview:large",Answer;BreadcrumbList;ContactPoint;EducationalOccupationalCredential;EntryPoint;FAQPage;GeoCoordinates;ImageObject;ListItem;LocalBusiness;Offer;OfferCatalog;Organization;PostalAddress;Question;SearchAction;Service;WebPage;WebSite,https://envitechal.com/#karachi-lab;https://envitechal.com/#lahore-lab;https://envitechal.com/#organization;https://envitechal.com/#website;https://envitechal.com/karachi-environmental-lab/#breadcrumb;https://envitechal.com/karachi-environmental-lab/#webpage,yes,,yes,56,ISO 14001;ISO 9001;LAB-285;LAB-347;PNAC;Sindh EPA,"+92 310 2288801 +92 315 2006074 info@envitechal.com Sindh EPA / SEPA relevance Location- and method-specific scope checks Karachi field coordination Report verification support Local capability Karachi testing support for regulatory, buyer, and operational decisions Environmental reports are strongest when the scope, parameters, sampling plan, and documentation path match the final use of the result. || Are reports suitable for Sindh EPA or SEPA compliance work? || PNAC LAB-285 Karachi | LAB-347 Lahore ISO 9001 ISO 14001 Contact +92 310 2288801 +92 315 2006074 +92 42 32296099 info@envitechal.com Karachi Office First Floor, 345, Street 15, Bahadurabad Block 3, Bahadur Yar Jang CHS, Karachi, Sindh 75900, Pakistan Lahore Office 87-E Madina Heights, Office A/30-31, 8th Floor, Maulana Shaukat Ali Road, Johar Town, Lahore, Punjab, Pakistan Services Analytical Lab Services Water Testing Services Wastewater Testing Air Monitoring Equipment Calibration Environmenta"
https://envitechal.com/lab-equipment-calibration-inspection-gwadar-hospital-project-cpec/,200,https://envitechal.com/lab-equipment-calibration-inspection-gwadar-hospital-project-cpec/,text/html; charset=UTF-8,,"public, max-age=0",134390,Calibration Services in Karachi | Envi Tech AL,Lab Equipment Calibration and Inspection in Gwadar Hospital Project CPEC,https://envitechal.com/lab-equipment-calibration-inspection-gwadar-hospital-project-cpec/,"follow, index, max-snippet:-1, max-video-preview:-1, max-image-preview:large",Article;BreadcrumbList;ContactPoint;EducationalOccupationalCredential;EntryPoint;GeoCoordinates;ImageObject;ListItem;LocalBusiness;Offer;OfferCatalog;Organization;PostalAddress;SearchAction;Service;WebSite,https://envitechal.com/#karachi-lab;https://envitechal.com/#lahore-lab;https://envitechal.com/#organization;https://envitechal.com/#website;https://envitechal.com/lab-equipment-calibration-inspection-gwadar-hospital-project-cpec/#article;https://envitechal.com/lab-equipment-calibration-inspection-gwadar-hospital-project-cpec/#breadcrumb,yes,,yes,50,accreditation;Green Lab;ISO 14001;ISO 9001;ISO/IEC 17025;LAB-285;LAB-347;PNAC;Sindh EPA,"Envi Tech AL is Sindh EPA approved lab having Green Lab certification (Gold), ISO 9001:2015 and ISO 14001:2015 certification. || The lab has achieved ISO/IEC 17025:2017 accreditation from PNAC. || PNAC LAB-285 Karachi | LAB-347 Lahore ISO 9001 ISO 14001 Contact +92 310 2288801 +92 315 2006074 +92 42 32296099 info@envitechal.com Karachi Office First Floor, 345, Street 15, Bahadurabad Block 3, Bahadur Yar Jang CHS, Karachi, Sindh 75900, Pakistan Lahore Office 87-E Madina Heights, Office A/30-31, 8th Floor, Maulana Shaukat Ali Road, Johar Town, Lahore, Punjab, Pakistan Services Analytical Lab Services Water Testing Services Wastewater Testing Air Monitoring Equipment Calibration Environmenta"
https://envitechal.com/lahore-environmental-lab/,200,https://envitechal.com/lahore-environmental-lab/,text/html; charset=UTF-8,,"public, max-age=0",118260,Environmental Lab in Lahore | Envi Tech AL,"Environmental testing, consultancy, and compliance support for Lahore and Punjab.",https://envitechal.com/lahore-environmental-lab/,"follow, index, max-snippet:-1, max-video-preview:-1, max-image-preview:large",Answer;BreadcrumbList;ContactPoint;EducationalOccupationalCredential;EntryPoint;FAQPage;GeoCoordinates;ImageObject;ListItem;LocalBusiness;Offer;OfferCatalog;Organization;PostalAddress;Question;SearchAction;Service;WebPage;WebSite,https://envitechal.com/#karachi-lab;https://envitechal.com/#lahore-lab;https://envitechal.com/#organization;https://envitechal.com/#website;https://envitechal.com/lahore-environmental-lab/#breadcrumb;https://envitechal.com/lahore-environmental-lab/#webpage,yes,,yes,52,ISO 14001;ISO 9001;LAB-285;LAB-347;PNAC;Punjab EPA,"Envi Tech AL supports Lahore industries, commercial facilities, healthcare institutions, hotels, exporters, and project teams with water testing, environmental monitoring, calibration coordination, and consultancy guidance for Punjab EPA-related requirements. || +92 42 32296099 info@envitechal.com Punjab EPA-related support Water and wastewater testing Field monitoring coordination Consultancy and documentation Local capability A Lahore environmental partner for decisions that need credible evidence The right lab and consultancy partner should help you define the requirement, collect the right data, and prepare documentation that can support inspections, approvals, audits, and internal decisions. || The Lahore page is designed for customers who are searching for an environmental lab in Lahore, water testing lab in Lahore, environmental consultancy in Lahore, or Punjab EPA compliance support and need a clear route to the right scope. || water testing laboratory Environmental consultancy IEE, EIA, EMP, EMR, environmental audits, Punjab EPA coordination, and documentation support for projects, factories, institutions, and commercial facilities. || 01 Clarify the Lahore requirement Confirm whether the work is for Punjab EPA, buyer audit, internal control, tender documentation, factory approval, or troubleshooting. || Do you support Punjab EPA related work? || PNAC LAB-285 Karachi | LAB-347 Lahore ISO 9001 ISO 14001 Contact +92 310 2288801 +92 315 2006074 +92 42 32296099 info@envitechal.com Karachi Office First Floor, 345, Street 15, Bahadurabad Block 3, Bahadur Yar Jang CHS, Karachi, Sindh 75900, Pakistan Lahore Office 87-E Madina Heights, Office A/30-31, 8th Floor, Maulana Shaukat Ali Road, Johar Town, Lahore, Punjab, Pakistan Services Analytical Lab Services Water Testing Services Wastewater Testing Air Monitoring Equipment Calibration Environmenta"
https://envitechal.com/maritime-environmental-testing/,200,https://envitechal.com/maritime-environmental-testing/,text/html; charset=UTF-8,,"public, max-age=0",113076,Ballast Water & Maritime Environmental Testing | Envi Tech AL,Ballast Water and Maritime Environmental Testing,https://envitechal.com/maritime-environmental-testing/,"follow, index, max-snippet:-1, max-video-preview:-1, max-image-preview:large",Answer;BreadcrumbList;ContactPoint;EducationalOccupationalCredential;EntryPoint;FAQPage;GeoCoordinates;ImageObject;ListItem;LocalBusiness;Offer;OfferCatalog;Organization;PostalAddress;Question;SearchAction;Service;WebSite,https://envitechal.com/#karachi-lab;https://envitechal.com/#lahore-lab;https://envitechal.com/#organization;https://envitechal.com/#website;https://envitechal.com/maritime-environmental-testing/#breadcrumb;https://envitechal.com/maritime-environmental-testing/#service,yes,,yes,51,ISO 14001;ISO 9001;LAB-285;LAB-347;PNAC,"PNAC LAB-285 Karachi | LAB-347 Lahore ISO 9001 ISO 14001 Contact +92 310 2288801 +92 315 2006074 +92 42 32296099 info@envitechal.com Karachi Office First Floor, 345, Street 15, Bahadurabad Block 3, Bahadur Yar Jang CHS, Karachi, Sindh 75900, Pakistan Lahore Office 87-E Madina Heights, Office A/30-31, 8th Floor, Maulana Shaukat Ali Road, Johar Town, Lahore, Punjab, Pakistan Services Analytical Lab Services Water Testing Services Wastewater Testing Air Monitoring Equipment Calibration Environmenta"
https://envitechal.com/new-insightful-guide-as-to-reveal-water-testing/,200,https://envitechal.com/new-insightful-guide-as-to-reveal-water-testing/,text/html; charset=UTF-8,,"public, max-age=0",137036,New Insightful Guide as to Reveal Water Testing | Envi Tech AL,New Insightful Guide as to Reveal Water Testing,https://envitechal.com/new-insightful-guide-as-to-reveal-water-testing/,"follow, index, max-snippet:-1, max-video-preview:-1, max-image-preview:large",Article;BreadcrumbList;ContactPoint;EducationalOccupationalCredential;EntryPoint;GeoCoordinates;ImageObject;ListItem;LocalBusiness;Offer;OfferCatalog;Organization;PostalAddress;SearchAction;Service;WebSite,https://envitechal.com/#karachi-lab;https://envitechal.com/#lahore-lab;https://envitechal.com/#organization;https://envitechal.com/#website;https://envitechal.com/new-insightful-guide-as-to-reveal-water-testing/#article;https://envitechal.com/new-insightful-guide-as-to-reveal-water-testing/#breadcrumb,yes,,yes,50,ISO 14001;ISO 9001;LAB-285;LAB-347;PNAC,"PNAC LAB-285 Karachi | LAB-347 Lahore ISO 9001 ISO 14001 Contact +92 310 2288801 +92 315 2006074 +92 42 32296099 info@envitechal.com Karachi Office First Floor, 345, Street 15, Bahadurabad Block 3, Bahadur Yar Jang CHS, Karachi, Sindh 75900, Pakistan Lahore Office 87-E Madina Heights, Office A/30-31, 8th Floor, Maulana Shaukat Ali Road, Johar Town, Lahore, Punjab, Pakistan Services Analytical Lab Services Water Testing Services Wastewater Testing Air Monitoring Equipment Calibration Environmenta"
https://envitechal.com/noise-level-monitoring-industrial-workplace/,200,https://envitechal.com/noise-level-monitoring-industrial-workplace/,text/html; charset=UTF-8,,"public, max-age=0",133378,Noise Level Monitoring for Industrial & Workplace | Envi Tech AL,Noise Level Monitoring for Industrial & Workplace Compliance,https://envitechal.com/noise-level-monitoring-industrial-workplace/,"follow, index, max-snippet:-1, max-video-preview:-1, max-image-preview:large",Article;BreadcrumbList;ContactPoint;EducationalOccupationalCredential;EntryPoint;GeoCoordinates;ImageObject;ListItem;LocalBusiness;Offer;OfferCatalog;Organization;PostalAddress;SearchAction;Service;WebSite,https://envitechal.com/#karachi-lab;https://envitechal.com/#lahore-lab;https://envitechal.com/#organization;https://envitechal.com/#website;https://envitechal.com/noise-level-monitoring-industrial-workplace/#article;https://envitechal.com/noise-level-monitoring-industrial-workplace/#breadcrumb,yes,,yes,47,ISO 14001;ISO 9001;LAB-285;LAB-347;PNAC;Sindh EPA;Sindh Epa,"Useful internal references For connected service context, review analytical laboratory services , Environmental Monitoring Report Emr Emp Sindh Epa , environmental consultancy support . || Authoritative references used cautiously For public context, compare this article with Sindh Environmental Protection Agency and Sindh EPA public downloads and WHO water, sanitation and health guidance and WHO water, sanitation and hygiene topic page . || PNAC LAB-285 Karachi | LAB-347 Lahore ISO 9001 ISO 14001 Contact +92 310 2288801 +92 315 2006074 +92 42 32296099 info@envitechal.com Karachi Office First Floor, 345, Street 15, Bahadurabad Block 3, Bahadur Yar Jang CHS, Karachi, Sindh 75900, Pakistan Lahore Office 87-E Madina Heights, Office A/30-31, 8th Floor, Maulana Shaukat Ali Road, Johar Town, Lahore, Punjab, Pakistan Services Analytical Lab Services Water Testing Services Wastewater Testing Air Monitoring Equipment Calibration Environmenta"
https://envitechal.com/noise-monitoring-dosimetry/,200,https://envitechal.com/noise-monitoring-dosimetry/,text/html; charset=UTF-8,,"public, max-age=0",128746,Noise Monitoring and Dosimetry Services | Envi Tech AL,Noise Monitoring and Dosimetry Services,https://envitechal.com/noise-monitoring-dosimetry/,"follow, index, max-snippet:-1, max-video-preview:-1, max-image-preview:large",Answer;BreadcrumbList;ContactPoint;EducationalOccupationalCredential;EntryPoint;FAQPage;GeoCoordinates;ImageObject;ListItem;LocalBusiness;Offer;OfferCatalog;Organization;PostalAddress;Question;SearchAction;Service;WebSite,https://envitechal.com/#karachi-lab;https://envitechal.com/#lahore-lab;https://envitechal.com/#organization;https://envitechal.com/#website;https://envitechal.com/noise-monitoring-dosimetry/#breadcrumb;https://envitechal.com/noise-monitoring-dosimetry/#service,yes,,yes,51,ISO 14001;ISO 9001;LAB-285;LAB-347;PNAC,"PNAC LAB-285 Karachi | LAB-347 Lahore ISO 9001 ISO 14001 Contact +92 310 2288801 +92 315 2006074 +92 42 32296099 info@envitechal.com Karachi Office First Floor, 345, Street 15, Bahadurabad Block 3, Bahadur Yar Jang CHS, Karachi, Sindh 75900, Pakistan Lahore Office 87-E Madina Heights, Office A/30-31, 8th Floor, Maulana Shaukat Ali Road, Johar Town, Lahore, Punjab, Pakistan Services Analytical Lab Services Water Testing Services Wastewater Testing Air Monitoring Equipment Calibration Environmenta"
https://envitechal.com/ourclients/,200,https://envitechal.com/ourclients/,text/html; charset=UTF-8,,"public, max-age=0",122420,Clients | Envi Tech AL Environmental Testing Portfolio,"Trusted by industrial, healthcare, hospitality, development, and export-focused teams.",https://envitechal.com/ourclients/,"follow, index, max-snippet:-1, max-video-preview:-1, max-image-preview:large",BreadcrumbList;ContactPoint;EducationalOccupationalCredential;EntryPoint;GeoCoordinates;ImageObject;ListItem;LocalBusiness;Offer;OfferCatalog;Organization;PostalAddress;SearchAction;Service;WebPage;WebSite,https://envitechal.com/#karachi-lab;https://envitechal.com/#lahore-lab;https://envitechal.com/#organization;https://envitechal.com/#website;https://envitechal.com/ourclients/#breadcrumb;https://envitechal.com/ourclients/#webpage,yes,,yes,46,ISO 14001;ISO 9001;LAB-285;LAB-347;PNAC,"PNAC LAB-285 Karachi | LAB-347 Lahore ISO 9001 ISO 14001 Contact +92 310 2288801 +92 315 2006074 +92 42 32296099 info@envitechal.com Karachi Office First Floor, 345, Street 15, Bahadurabad Block 3, Bahadur Yar Jang CHS, Karachi, Sindh 75900, Pakistan Lahore Office 87-E Madina Heights, Office A/30-31, 8th Floor, Maulana Shaukat Ali Road, Johar Town, Lahore, Punjab, Pakistan Services Analytical Lab Services Water Testing Services Wastewater Testing Air Monitoring Equipment Calibration Environmenta"
https://envitechal.com/ppwr-heavy-metal-testing-packaging-pakistan/,200,https://envitechal.com/ppwr-heavy-metal-testing-packaging-pakistan/,text/html; charset=UTF-8,,"public, max-age=0",134217,PPWR Heavy Metal Testing Support for EU Export | Envi Tech AL,PPWR Heavy Metal Testing for EU Export Packaging,https://envitechal.com/ppwr-heavy-metal-testing-packaging-pakistan/,"follow, index, max-snippet:-1, max-video-preview:-1, max-image-preview:large",Article;BreadcrumbList;ContactPoint;EducationalOccupationalCredential;EntryPoint;GeoCoordinates;ImageObject;ListItem;LocalBusiness;Offer;OfferCatalog;Organization;PostalAddress;SearchAction;Service;WebSite,https://envitechal.com/#karachi-lab;https://envitechal.com/#lahore-lab;https://envitechal.com/#organization;https://envitechal.com/#website;https://envitechal.com/ppwr-heavy-metal-testing-packaging-pakistan/#article;https://envitechal.com/ppwr-heavy-metal-testing-packaging-pakistan/#breadcrumb,yes,,yes,55,accreditation;Accreditation;accredited;ISO 14001;ISO 9001;ISO/IEC 17025;LAB-285;LAB-347;PNAC,"Published 21 July 2026 Verified 26 July 2026 Regulation (EU) 2025/40 Pb + Cd + Hg + Cr(VI) Karachi & Lahore Support ISO/IEC 17025 Scope Check Request a PPWR Scope Review See Sample Plan 100 mg/kg combined limit for lead, cadmium, mercury and hexavalent chromium in packaging or packaging components. || Confirm accredited scope before final reporting. || The exact test method and accreditation scope must be confirmed for each material and parameter. || Envi Tech AL can support exporters by mapping the packaging inventory, planning representative samples, checking whether the exact method and material matrix are within a laboratory’s current ISO/IEC 17025 scope, coordinating the suitable testing route and organising the resulting evidence for buyer or importer review. || Confirm accredited scope before testing The report should clearly show whether each parameter and sample matrix is covered under the lab’s ISO/IEC 17025 accredited scope. || Where a parameter is outside scope, it should be declared or handled through an appropriate accredited partner route. || Test and report in mg/kg The report should identify the sample, method, result, units, reporting limit, accreditation status and conformity comparison. || EU Acceptance Strategy How Pakistani exporters can make reports more acceptable to EU buyers What a strong report should contain Clear sample name: carton, tape, polybag, label, hangtag or sticker Material and supplier details where available Batch, lot, PO, buyer, style or shipment reference where relevant Test method and instrument / analytical technique Result in mg/kg with reporting limit and uncertainty where applicable Separate accreditation status for each test parameter Conformity statem || A laboratory can be ISO/IEC 17025 accredited, but the specific packaging matrix and heavy-metal method must still be checked against the current accredited scope. || 02 Scope-confirmed testing We help confirm which heavy-metal tests can be issued under accredited scope and how to handle parameters that require additional buyer-specific or partner-lab support. || Exporter with lab/consultant support Common Mistakes Errors that create rejection risk or buyer follow-up Testing only the export carton and ignoring tape, labels, stickers and polybags Using a report without clear sample identity or supplier traceability Assuming “ISO 17025 lab” automatically means every packaging test is accredited Reporting total chromium only when the buyer specifically requires Cr(VI) Failing to include the report inside a technical documentation pack Calling the report a “ || Acceptance is strongest when the report is issued by an ISO/IEC 17025 accredited laboratory and the exact test method and matrix are inside the current accredited scope. || Regulation (EU) 2025/40 official PDF Download official PPWR PDF from EUR-Lex EUR-Lex PPWR online text Read Regulation (EU) 2025/40 online ILAC MRA signatory listing View PNAC signatory status on ILAC Envi Tech AL Karachi PNAC scope (LAB-285) Review the current Karachi PNAC scope document European Commission PPWR overview Read the Commission packaging waste overview Swedish Chemicals Agency heavy metals page Review the Kemi heavy-metals guidance Prepare Before the Buyer Deadline Need PPWR heavy-m || Laboratory accreditation must still be verified for the exact method and packaging matrix before a report is represented as accredited. || PPWR acceptance depends on current EU requirements, buyer/importer requirements, exact packaging scope, valid laboratory accreditation scope, method suitability and completeness of the technical documentation. || PNAC LAB-285 Karachi | LAB-347 Lahore ISO 9001 ISO 14001 Contact +92 310 2288801 +92 315 2006074 +92 42 32296099 info@envitechal.com Karachi Office First Floor, 345, Street 15, Bahadurabad Block 3, Bahadur Yar Jang CHS, Karachi, Sindh 75900, Pakistan Lahore Office 87-E Madina Heights, Office A/30-31, 8th Floor, Maulana Shaukat Ali Road, Johar Town, Lahore, Punjab, Pakistan Services Analytical Lab Services Water Testing Services Wastewater Testing Air Monitoring Equipment Calibration Environmenta"
https://envitechal.com/protection-kit-testing-services/,200,https://envitechal.com/protection-kit-testing-services/,text/html; charset=UTF-8,,"public, max-age=0",141137,"Testing Services for Protection Kits, Surface | Envi Tech AL","Testing Services for Protection Kits, Surface Cleaners and Hand Sanitizers",https://envitechal.com/protection-kit-testing-services/,"follow, index, max-snippet:-1, max-video-preview:-1, max-image-preview:large",Article;BreadcrumbList;ContactPoint;EducationalOccupationalCredential;EntryPoint;GeoCoordinates;ImageObject;ListItem;LocalBusiness;Offer;OfferCatalog;Organization;PostalAddress;SearchAction;Service;WebSite,https://envitechal.com/#karachi-lab;https://envitechal.com/#lahore-lab;https://envitechal.com/#organization;https://envitechal.com/#website;https://envitechal.com/protection-kit-testing-services/#article;https://envitechal.com/protection-kit-testing-services/#breadcrumb,yes,,yes,44,ISO 14001;ISO 9001;LAB-285;LAB-347;PNAC,"PNAC LAB-285 Karachi | LAB-347 Lahore ISO 9001 ISO 14001 Contact +92 310 2288801 +92 315 2006074 +92 42 32296099 info@envitechal.com Karachi Office First Floor, 345, Street 15, Bahadurabad Block 3, Bahadur Yar Jang CHS, Karachi, Sindh 75900, Pakistan Lahore Office 87-E Madina Heights, Office A/30-31, 8th Floor, Maulana Shaukat Ali Road, Johar Town, Lahore, Punjab, Pakistan Services Analytical Lab Services Water Testing Services Wastewater Testing Air Monitoring Equipment Calibration Environmenta"
https://envitechal.com/proven-environmental-consultancy-secrets-here/,200,https://envitechal.com/proven-environmental-consultancy-secrets-here/,text/html; charset=UTF-8,,"public, max-age=0",136587,Environmental Consultancy in Pakistan | Envi Tech AL,Proven Environmental Consultancy Secrets Here,https://envitechal.com/proven-environmental-consultancy-secrets-here/,"follow, index, max-snippet:-1, max-video-preview:-1, max-image-preview:large",Article;BreadcrumbList;ContactPoint;EducationalOccupationalCredential;EntryPoint;GeoCoordinates;ImageObject;ListItem;LocalBusiness;Offer;OfferCatalog;Organization;PostalAddress;SearchAction;Service;WebSite,https://envitechal.com/#karachi-lab;https://envitechal.com/#lahore-lab;https://envitechal.com/#organization;https://envitechal.com/#website;https://envitechal.com/proven-environmental-consultancy-secrets-here/#article;https://envitechal.com/proven-environmental-consultancy-secrets-here/#breadcrumb,yes,,yes,44,Accreditation;ISO 14001;ISO 9001;ISO/IEC 17025;LAB-285;LAB-347;PNAC,"ISO/IEC 17025:2017 Accreditation from PNAC ISO 9001:2015 and ISO 14001:2015 Certified. || PNAC LAB-285 Karachi | LAB-347 Lahore ISO 9001 ISO 14001 Contact +92 310 2288801 +92 315 2006074 +92 42 32296099 info@envitechal.com Karachi Office First Floor, 345, Street 15, Bahadurabad Block 3, Bahadur Yar Jang CHS, Karachi, Sindh 75900, Pakistan Lahore Office 87-E Madina Heights, Office A/30-31, 8th Floor, Maulana Shaukat Ali Road, Johar Town, Lahore, Punjab, Pakistan Services Analytical Lab Services Water Testing Services Wastewater Testing Air Monitoring Equipment Calibration Environmenta"
https://envitechal.com/remarkable-water-testing-offered-by-awesome-companies/,200,https://envitechal.com/remarkable-water-testing-offered-by-awesome-companies/,text/html; charset=UTF-8,,"public, max-age=0",137728,Remarkable Water Testing Offered by Awesome Companies | Envi Tech AL,Remarkable Water Testing Offered by Awesome Companies,https://envitechal.com/remarkable-water-testing-offered-by-awesome-companies/,"follow, index, max-snippet:-1, max-video-preview:-1, max-image-preview:large",Article;BreadcrumbList;ContactPoint;EducationalOccupationalCredential;EntryPoint;GeoCoordinates;ImageObject;ListItem;LocalBusiness;Offer;OfferCatalog;Organization;PostalAddress;SearchAction;Service;WebSite,https://envitechal.com/#karachi-lab;https://envitechal.com/#lahore-lab;https://envitechal.com/#organization;https://envitechal.com/#website;https://envitechal.com/remarkable-water-testing-offered-by-awesome-companies/#article;https://envitechal.com/remarkable-water-testing-offered-by-awesome-companies/#breadcrumb,yes,,yes,48,Green Lab;ISO 14001;ISO 9001;ISO/IEC 17025;LAB-285;LAB-347;PNAC;Sindh EPA,"Envi Tech AL is Sindh EPA approved lab having Green Lab certification (Gold), ISO 9001:2015 and ISO 14001:2015 certification. || The Karachi permanent laboratory holds PNAC LAB-285 and the Lahore permanent laboratory holds PNAC LAB-347 under ISO/IEC 17025:2017; each is limited to its applicable current published scope. || PNAC LAB-285 Karachi | LAB-347 Lahore ISO 9001 ISO 14001 Contact +92 310 2288801 +92 315 2006074 +92 42 32296099 info@envitechal.com Karachi Office First Floor, 345, Street 15, Bahadurabad Block 3, Bahadur Yar Jang CHS, Karachi, Sindh 75900, Pakistan Lahore Office 87-E Madina Heights, Office A/30-31, 8th Floor, Maulana Shaukat Ali Road, Johar Town, Lahore, Punjab, Pakistan Services Analytical Lab Services Water Testing Services Wastewater Testing Air Monitoring Equipment Calibration Environmenta"
https://envitechal.com/report-verification-portal/,200,https://envitechal.com/report-verification-portal/,text/html; charset=UTF-8,,"public, max-age=0",136944,Report Verification Portal | Verify Envi Tech AL Test Reports,Verify the authenticity of an Envi Tech AL test report with confidence.,https://envitechal.com/report-verification-portal/,"follow, index, max-snippet:-1, max-video-preview:-1, max-image-preview:large",BreadcrumbList;ContactPoint;EducationalOccupationalCredential;EntryPoint;GeoCoordinates;ImageObject;ListItem;LocalBusiness;Offer;OfferCatalog;Organization;PostalAddress;SearchAction;Service;WebPage;WebSite,https://envitechal.com/#karachi-lab;https://envitechal.com/#lahore-lab;https://envitechal.com/#organization;https://envitechal.com/#website;https://envitechal.com/report-verification-portal/#breadcrumb;https://envitechal.com/report-verification-portal/#webpage,yes,,yes,43,ISO 14001;ISO 9001;LAB-285;LAB-347;PNAC,"PNAC LAB-285 Karachi | LAB-347 Lahore ISO 9001 ISO 14001 Contact +92 310 2288801 +92 315 2006074 +92 42 32296099 info@envitechal.com Karachi Office First Floor, 345, Street 15, Bahadurabad Block 3, Bahadur Yar Jang CHS, Karachi, Sindh 75900, Pakistan Lahore Office 87-E Madina Heights, Office A/30-31, 8th Floor, Maulana Shaukat Ali Road, Johar Town, Lahore, Punjab, Pakistan Services Analytical Lab Services Water Testing Services Wastewater Testing Air Monitoring Equipment Calibration Environmenta"
https://envitechal.com/revealing-the-hidden-link-drinking-water-and-kidney-failure-risks/,200,https://envitechal.com/revealing-the-hidden-link-drinking-water-and-kidney-failure-risks/,text/html; charset=UTF-8,,"public, max-age=0",140395,Revealing the Hidden Link: Drinking Water and | Envi Tech AL,Revealing the Hidden Link: Drinking Water and Kidney Failure Risks,https://envitechal.com/revealing-the-hidden-link-drinking-water-and-kidney-failure-risks/,"follow, index, max-snippet:-1, max-video-preview:-1, max-image-preview:large",Article;BreadcrumbList;ContactPoint;EducationalOccupationalCredential;EntryPoint;GeoCoordinates;ImageObject;ListItem;LocalBusiness;Offer;OfferCatalog;Organization;PostalAddress;SearchAction;Service;WebSite,https://envitechal.com/#karachi-lab;https://envitechal.com/#lahore-lab;https://envitechal.com/#organization;https://envitechal.com/#website;https://envitechal.com/revealing-the-hidden-link-drinking-water-and-kidney-failure-risks/#article;https://envitechal.com/revealing-the-hidden-link-drinking-water-and-kidney-failure-risks/#breadcrumb,yes,,yes,45,Accredited;ISO 14001;ISO 9001;ISO/IEC 17025;LAB-285;LAB-347;PNAC,"ISO/IEC 17025:2017 Accredited Environmental Testing Laboratory EPA Approved Environmental Testing & Consultancy Accurate and Reliable Laboratory Results Fast Turnaround Time Serving Karachi, Lahore, and All Pakistan Trusted by Industries, Hospitals, Food Sector, and Commercial Clients Contact Envi Tech AL today to schedule professional water testing and ensure your water meets safety and regulatory standards. || PNAC LAB-285 Karachi | LAB-347 Lahore ISO 9001 ISO 14001 Contact +92 310 2288801 +92 315 2006074 +92 42 32296099 info@envitechal.com Karachi Office First Floor, 345, Street 15, Bahadurabad Block 3, Bahadur Yar Jang CHS, Karachi, Sindh 75900, Pakistan Lahore Office 87-E Madina Heights, Office A/30-31, 8th Floor, Maulana Shaukat Ali Road, Johar Town, Lahore, Punjab, Pakistan Services Analytical Lab Services Water Testing Services Wastewater Testing Air Monitoring Equipment Calibration Environmenta"
https://envitechal.com/services/,200,https://envitechal.com/services/,text/html; charset=UTF-8,,"public, max-age=0",144440,Our Services | Envi Tech AL,Choose the right technical path before the deadline gets expensive.,https://envitechal.com/services/,"follow, index",BreadcrumbList;ContactPoint;EducationalOccupationalCredential;EntryPoint;GeoCoordinates;ImageObject;ItemList;ListItem;LocalBusiness;Offer;OfferCatalog;Organization;PostalAddress;SearchAction;Service;WebSite,https://envitechal.com/#karachi-lab;https://envitechal.com/#lahore-lab;https://envitechal.com/#organization;https://envitechal.com/#website;https://envitechal.com/services/#breadcrumb,yes,,yes,89,ISO 14001;ISO 9001;LAB-285;LAB-347;PNAC;Punjab EPA,"Open service path Focused service page EMP / EMR / IEE / EIA Support Environmental documentation and SEPA/Punjab EPA compliance support for projects and facilities. || PNAC LAB-285 Karachi | LAB-347 Lahore ISO 9001 ISO 14001 Contact +92 310 2288801 +92 315 2006074 +92 42 32296099 info@envitechal.com Karachi Office First Floor, 345, Street 15, Bahadurabad Block 3, Bahadur Yar Jang CHS, Karachi, Sindh 75900, Pakistan Lahore Office 87-E Madina Heights, Office A/30-31, 8th Floor, Maulana Shaukat Ali Road, Johar Town, Lahore, Punjab, Pakistan Services Analytical Lab Services Water Testing Services Wastewater Testing Air Monitoring Equipment Calibration Environmenta"
https://envitechal.com/services/analytical-lab-services/,200,https://envitechal.com/services/analytical-lab-services/,text/html; charset=UTF-8,,"public, max-age=0",122628,Analytical Lab Services | Envi Tech AL,Environmental lab analysis for compliance-critical decisions.,https://envitechal.com/services/analytical-lab-services/,"follow, index, max-snippet:-1, max-video-preview:-1, max-image-preview:large",Answer;BreadcrumbList;ContactPoint;EducationalOccupationalCredential;EntryPoint;FAQPage;GeoCoordinates;ImageObject;ListItem;LocalBusiness;Offer;OfferCatalog;Organization;PostalAddress;Question;SearchAction;Service;WebSite,https://envitechal.com/#karachi-lab;https://envitechal.com/#lahore-lab;https://envitechal.com/#organization;https://envitechal.com/#website;https://envitechal.com/services/analytical-lab-services/#breadcrumb;https://envitechal.com/services/analytical-lab-services/#service,yes,,yes,55,accreditation;accredited;ISO 14001;ISO 9001;LAB-285;LAB-347;PNAC,"Testing capability and accreditation are location-, method-, matrix-, and parameter-specific. || Confirm the sample type, required standard, reporting purpose, laboratory location, and applicable accredited scope before work begins. || PNAC LAB-285 Karachi | LAB-347 Lahore ISO 9001 ISO 14001 Contact +92 310 2288801 +92 315 2006074 +92 42 32296099 info@envitechal.com Karachi Office First Floor, 345, Street 15, Bahadurabad Block 3, Bahadur Yar Jang CHS, Karachi, Sindh 75900, Pakistan Lahore Office 87-E Madina Heights, Office A/30-31, 8th Floor, Maulana Shaukat Ali Road, Johar Town, Lahore, Punjab, Pakistan Services Analytical Lab Services Water Testing Services Wastewater Testing Air Monitoring Equipment Calibration Environmenta"
https://envitechal.com/services/ballast-water-testing-services/,200,https://envitechal.com/services/ballast-water-testing-services/,text/html; charset=UTF-8,,"public, max-age=0",142023,Ballast Water Testing Services | Envi Tech AL,"Ballast water testing for vessels that need fast, defensible compliance support.",https://envitechal.com/services/ballast-water-testing-services/,"follow, index, max-snippet:-1, max-video-preview:-1, max-image-preview:large",Answer;BreadcrumbList;ContactPoint;EducationalOccupationalCredential;EntryPoint;FAQPage;GeoCoordinates;ImageObject;ListItem;LocalBusiness;Offer;OfferCatalog;Organization;PostalAddress;Question;SearchAction;Service;WebSite,https://envitechal.com/#karachi-lab;https://envitechal.com/#lahore-lab;https://envitechal.com/#organization;https://envitechal.com/#website;https://envitechal.com/services/ballast-water-testing-services/#breadcrumb;https://envitechal.com/services/ballast-water-testing-services/#service,yes,,yes,55,accredited;Green Lab;ISO 14001;ISO 9001;ISO/IEC 17025;LAB-285;LAB-347;PNAC;Sindh EPA,"Our ISO/IEC 17025:2017 accredited laboratory is equipped with cutting-edge technology to deliver accurate and reliable ballast water analysis, helping marine vessels meet the stringent environmental regulations set by the International Maritime Organization (IMO) . || ISO 9001:2015, ISO 14001:2015, and Green Lab Certification (Gold): Our laboratory adheres to the highest standards of quality and environmental responsibility. || Sindh EPA Approved: Centrally located in Bahadurabad, Karachi , our lab is approved by the Sindh Environmental Protection Agency, ensuring compliance with local and international regulations. || PNAC LAB-285 Karachi | LAB-347 Lahore ISO 9001 ISO 14001 Contact +92 310 2288801 +92 315 2006074 +92 42 32296099 info@envitechal.com Karachi Office First Floor, 345, Street 15, Bahadurabad Block 3, Bahadur Yar Jang CHS, Karachi, Sindh 75900, Pakistan Lahore Office 87-E Madina Heights, Office A/30-31, 8th Floor, Maulana Shaukat Ali Road, Johar Town, Lahore, Punjab, Pakistan Services Analytical Lab Services Water Testing Services Wastewater Testing Air Monitoring Equipment Calibration Environmenta"
https://envitechal.com/services/certification-advisory/,200,https://envitechal.com/services/certification-advisory/,text/html; charset=UTF-8,,"public, max-age=0",123052,Certification & Regulatory Compliance Advisory | Envi Tech AL,Certification advisory that turns evidence into audit confidence.,https://envitechal.com/services/certification-advisory/,"follow, index, max-snippet:-1, max-video-preview:-1, max-image-preview:large",Answer;BreadcrumbList;ContactPoint;EducationalOccupationalCredential;EntryPoint;FAQPage;GeoCoordinates;ImageObject;ListItem;LocalBusiness;Offer;OfferCatalog;Organization;PostalAddress;Question;SearchAction;Service;WebSite,https://envitechal.com/#karachi-lab;https://envitechal.com/#lahore-lab;https://envitechal.com/#organization;https://envitechal.com/#website;https://envitechal.com/services/certification-advisory/#breadcrumb;https://envitechal.com/services/certification-advisory/#service,yes,,yes,56,ISO 14001;ISO 9001;LAB-285;LAB-347;PNAC,"Request Testing Quote Back to services Service fit Management systems teams Factories Export units Compliance departments ISO 9001 awareness ISO 14001 awareness Evidence-led approach Practical training support Service overview How this service supports the final decision A clear service page should tell you what the work supports, who it helps, and how to start with the right technical scope. || System support ISO 9001 readiness ISO 14001 readiness Gap assessment Document review Internal audit preparation Evidence support Testing reports Monitoring records Calibration records Corrective actions Training evidence Why it matters Correct scope, controlled testing, and clear reporting help customers make defensible decisions for compliance, audits, procurement, safety, operations, and follow-up actions. || PNAC LAB-285 Karachi | LAB-347 Lahore ISO 9001 ISO 14001 Contact +92 310 2288801 +92 315 2006074 +92 42 32296099 info@envitechal.com Karachi Office First Floor, 345, Street 15, Bahadurabad Block 3, Bahadur Yar Jang CHS, Karachi, Sindh 75900, Pakistan Lahore Office 87-E Madina Heights, Office A/30-31, 8th Floor, Maulana Shaukat Ali Road, Johar Town, Lahore, Punjab, Pakistan Services Analytical Lab Services Water Testing Services Wastewater Testing Air Monitoring Equipment Calibration Environmenta"
https://envitechal.com/services/environmental-advisory/,200,https://envitechal.com/services/environmental-advisory/,text/html; charset=UTF-8,,"public, max-age=0",122072,Environmental Advisory | Envi Tech AL,Environmental advisory for teams improving performance before pressure arrives.,https://envitechal.com/services/environmental-advisory/,"follow, index, max-snippet:-1, max-video-preview:-1, max-image-preview:large",Answer;BreadcrumbList;ContactPoint;EducationalOccupationalCredential;EntryPoint;FAQPage;GeoCoordinates;ImageObject;ListItem;LocalBusiness;Offer;OfferCatalog;Organization;PostalAddress;Question;SearchAction;Service;WebSite,https://envitechal.com/#karachi-lab;https://envitechal.com/#lahore-lab;https://envitechal.com/#organization;https://envitechal.com/#website;https://envitechal.com/services/environmental-advisory/#breadcrumb;https://envitechal.com/services/environmental-advisory/#service,yes,,yes,55,ISO 14001;ISO 9001;LAB-285;LAB-347;PNAC,"PNAC LAB-285 Karachi | LAB-347 Lahore ISO 9001 ISO 14001 Contact +92 310 2288801 +92 315 2006074 +92 42 32296099 info@envitechal.com Karachi Office First Floor, 345, Street 15, Bahadurabad Block 3, Bahadur Yar Jang CHS, Karachi, Sindh 75900, Pakistan Lahore Office 87-E Madina Heights, Office A/30-31, 8th Floor, Maulana Shaukat Ali Road, Johar Town, Lahore, Punjab, Pakistan Services Analytical Lab Services Water Testing Services Wastewater Testing Air Monitoring Equipment Calibration Environmenta"
https://envitechal.com/services/environmental-consultancy/,200,https://envitechal.com/services/environmental-consultancy/,text/html; charset=UTF-8,,"public, max-age=0",118735,Environmental Consultancy | Envi Tech AL,"Environmental consultancy for projects that need approvals, clarity, and control.",https://envitechal.com/services/environmental-consultancy/,"follow, index, max-snippet:-1, max-video-preview:-1, max-image-preview:large",Answer;BreadcrumbList;ContactPoint;EducationalOccupationalCredential;EntryPoint;FAQPage;GeoCoordinates;ImageObject;ListItem;LocalBusiness;Offer;OfferCatalog;Organization;PostalAddress;Question;SearchAction;Service;WebSite,https://envitechal.com/#karachi-lab;https://envitechal.com/#lahore-lab;https://envitechal.com/#organization;https://envitechal.com/#website;https://envitechal.com/services/environmental-consultancy/#breadcrumb;https://envitechal.com/services/environmental-consultancy/#service,yes,,yes,57,ISO 14001;ISO 9001;LAB-285;LAB-347;PNAC;Punjab EPA,"Regulatory documents IEE EIA EMP EMR Environmental audits Monitoring plans Compliance support areas SEPA coordination Punjab EPA support Corrective action planning Submission preparation Operational compliance review Why it matters Correct scope, controlled testing, and clear reporting help customers make defensible decisions for compliance, audits, procurement, safety, operations, and follow-up actions. || Can Envi Tech AL support SEPA or Punjab EPA compliance work? || The team can support environmental documentation, monitoring, advisory, and reporting pathways for SEPA and Punjab EPA related requirements. || PNAC LAB-285 Karachi | LAB-347 Lahore ISO 9001 ISO 14001 Contact +92 310 2288801 +92 315 2006074 +92 42 32296099 info@envitechal.com Karachi Office First Floor, 345, Street 15, Bahadurabad Block 3, Bahadur Yar Jang CHS, Karachi, Sindh 75900, Pakistan Lahore Office 87-E Madina Heights, Office A/30-31, 8th Floor, Maulana Shaukat Ali Road, Johar Town, Lahore, Punjab, Pakistan Services Analytical Lab Services Water Testing Services Wastewater Testing Air Monitoring Equipment Calibration Environmenta"
https://envitechal.com/services/equipment-calibration-services/,200,https://envitechal.com/services/equipment-calibration-services/,text/html; charset=UTF-8,,"public, max-age=0",96117,Equipment Calibration | Envi Tech AL,Calibration support for instruments that must be trusted.,https://envitechal.com/services/equipment-calibration-services/,"follow, index, max-snippet:-1, max-video-preview:-1, max-image-preview:large",Answer;BreadcrumbList;ContactPoint;EducationalOccupationalCredential;EntryPoint;FAQPage;GeoCoordinates;ImageObject;ListItem;LocalBusiness;Offer;OfferCatalog;Organization;PostalAddress;Question;SearchAction;Service;WebSite,https://envitechal.com/#karachi-lab;https://envitechal.com/#lahore-lab;https://envitechal.com/#organization;https://envitechal.com/#website;https://envitechal.com/services/equipment-calibration-services/#breadcrumb;https://envitechal.com/services/equipment-calibration-services/#service,yes,,yes,59,ISO 14001;ISO 9001;LAB-285;LAB-347;PNAC,"Adherence to Quality Systems : With a strong emphasis on quality, our services align with ISO 9001 and other quality standards. || PNAC LAB-285 Karachi | LAB-347 Lahore ISO 9001 ISO 14001 Contact +92 310 2288801 +92 315 2006074 +92 42 32296099 info@envitechal.com Karachi Office First Floor, 345, Street 15, Bahadurabad Block 3, Bahadur Yar Jang CHS, Karachi, Sindh 75900, Pakistan Lahore Office 87-E Madina Heights, Office A/30-31, 8th Floor, Maulana Shaukat Ali Road, Johar Town, Lahore, Punjab, Pakistan Services Analytical Lab Services Water Testing Services Wastewater Testing Air Monitoring Equipment Calibration Environmenta"
https://envitechal.com/services/technical-advisory-2/,200,https://envitechal.com/services/technical-advisory-2/,text/html; charset=UTF-8,,"public, max-age=0",137065,Technical Advisory Services in Pakistan | Envi Tech AL,"Technical advisory for audits, evidence, and corrective action clarity.",https://envitechal.com/services/technical-advisory-2/,"follow, index, max-snippet:-1, max-video-preview:-1, max-image-preview:large",Answer;BreadcrumbList;ContactPoint;EducationalOccupationalCredential;EntryPoint;FAQPage;GeoCoordinates;ImageObject;ListItem;LocalBusiness;Offer;OfferCatalog;Organization;PostalAddress;Question;SearchAction;Service;WebSite,https://envitechal.com/#karachi-lab;https://envitechal.com/#lahore-lab;https://envitechal.com/#organization;https://envitechal.com/#website;https://envitechal.com/services/technical-advisory-2/#breadcrumb;https://envitechal.com/services/technical-advisory-2/#service,yes,,yes,54,ISO 14001;ISO 9001;LAB-285;LAB-347;PNAC,"PNAC LAB-285 Karachi | LAB-347 Lahore ISO 9001 ISO 14001 Contact +92 310 2288801 +92 315 2006074 +92 42 32296099 info@envitechal.com Karachi Office First Floor, 345, Street 15, Bahadurabad Block 3, Bahadur Yar Jang CHS, Karachi, Sindh 75900, Pakistan Lahore Office 87-E Madina Heights, Office A/30-31, 8th Floor, Maulana Shaukat Ali Road, Johar Town, Lahore, Punjab, Pakistan Services Analytical Lab Services Water Testing Services Wastewater Testing Air Monitoring Equipment Calibration Environmenta"
https://envitechal.com/services/thermal-imaging-inspection/,200,https://envitechal.com/services/thermal-imaging-inspection/,text/html; charset=UTF-8,,"public, max-age=0",140285,Thermal Imaging Inspection Services | Envi Tech AL,Thermal imaging inspection for early fault detection and safer operations.,https://envitechal.com/services/thermal-imaging-inspection/,"follow, index, max-snippet:-1, max-video-preview:-1, max-image-preview:large",Answer;BreadcrumbList;ContactPoint;EducationalOccupationalCredential;EntryPoint;FAQPage;GeoCoordinates;ImageObject;ListItem;LocalBusiness;Offer;OfferCatalog;Organization;PostalAddress;Question;SearchAction;Service;WebSite,https://envitechal.com/#karachi-lab;https://envitechal.com/#lahore-lab;https://envitechal.com/#organization;https://envitechal.com/#website;https://envitechal.com/services/thermal-imaging-inspection/#breadcrumb;https://envitechal.com/services/thermal-imaging-inspection/#service,yes,,yes,55,ISO 14001;ISO 9001;LAB-285;LAB-347;PNAC,"PNAC LAB-285 Karachi | LAB-347 Lahore ISO 9001 ISO 14001 Contact +92 310 2288801 +92 315 2006074 +92 42 32296099 info@envitechal.com Karachi Office First Floor, 345, Street 15, Bahadurabad Block 3, Bahadur Yar Jang CHS, Karachi, Sindh 75900, Pakistan Lahore Office 87-E Madina Heights, Office A/30-31, 8th Floor, Maulana Shaukat Ali Road, Johar Town, Lahore, Punjab, Pakistan Services Analytical Lab Services Water Testing Services Wastewater Testing Air Monitoring Equipment Calibration Environmenta"
https://envitechal.com/services/water-testing-lab-services/,200,https://envitechal.com/services/water-testing-lab-services/,text/html; charset=UTF-8,,"public, max-age=0",120819,Water Testing Laboratory in Karachi & Lahore | Envi Tech AL,"Water Testing Laboratory for Drinking, Process and Wastewater Compliance",https://envitechal.com/services/water-testing-lab-services/,"follow, index, max-snippet:-1, max-video-preview:-1, max-image-preview:large",Answer;BreadcrumbList;ContactPoint;EducationalOccupationalCredential;EntryPoint;FAQPage;GeoCoordinates;ImageObject;ListItem;LocalBusiness;Offer;OfferCatalog;Organization;PostalAddress;Question;SearchAction;Service;WebSite,https://envitechal.com/#karachi-lab;https://envitechal.com/#lahore-lab;https://envitechal.com/#organization;https://envitechal.com/#website;https://envitechal.com/services/water-testing-lab-services/#breadcrumb;https://envitechal.com/services/water-testing-lab-services/#service,yes,,yes,57,accreditation;accredited;ISO 14001;ISO 9001;LAB-285;LAB-347;PNAC;Punjab EPA;Sindh EPA,"PNAC LAB-285 applies only to the Karachi permanent laboratory and its published scope; PNAC LAB-347 applies only to the Lahore permanent laboratory and its published scope. || Every location, matrix, parameter, method, and range must match the applicable current PNAC scope before work is described as accredited. || Request a quotation WhatsApp consultation Laboratory trust PNAC LAB-285 - Karachi PNAC LAB-347 - Lahore Punjab EPA listed laboratory Method and location scope verification required One coordinated route for water testing requirements Water quality decisions carry regulatory, commercial and public-health consequences. || Our water testing lab supports the people accountable for those decisions: facility and utility managers proving drinking water safety, compliance officers meeting Sindh EPA and Punjab EPA monitoring conditions, QA teams protecting product quality, exporters answering buyer audits, and building operators safeguarding residents and guests. || The laboratory confirms availability, method, location, reporting scope, and any applicable accreditation before accepting the work. || Karachi PNAC LAB-285 and Lahore PNAC LAB-347 each cover only the combinations listed in their applicable published scopes. || Why facilities choose our water testing laboratory Scope-confirmed analysis, coordinated sampling and verifiable reporting Evidence that can be checked: PNAC LAB-285 for the Karachi scope, PNAC LAB-347 for the Lahore scope, and the applicable EPA records. || PNAC LAB-285 Karachi | LAB-347 Lahore ISO 9001 ISO 14001 Contact +92 310 2288801 +92 315 2006074 +92 42 32296099 info@envitechal.com Karachi Office First Floor, 345, Street 15, Bahadurabad Block 3, Bahadur Yar Jang CHS, Karachi, Sindh 75900, Pakistan Lahore Office 87-E Madina Heights, Office A/30-31, 8th Floor, Maulana Shaukat Ali Road, Johar Town, Lahore, Punjab, Pakistan Services Analytical Lab Services Water Testing Services Wastewater Testing Air Monitoring Equipment Calibration Environmenta"
https://envitechal.com/sindh-environmental-quality-standards-seqs/,200,https://envitechal.com/sindh-environmental-quality-standards-seqs/,text/html; charset=UTF-8,,"public, max-age=0",97539,SEQS — Sindh Environmental Quality Standards: Limits & Compliance Guide,"Sindh Environmental Quality Standards (SEQS): Limits, Parameters and Compliance",https://envitechal.com/sindh-environmental-quality-standards-seqs/,"follow, index, max-snippet:-1, max-video-preview:-1, max-image-preview:large",Answer;Article;BreadcrumbList;ContactPoint;EducationalOccupationalCredential;EntryPoint;FAQPage;GeoCoordinates;ImageObject;ListItem;LocalBusiness;Offer;OfferCatalog;Organization;PostalAddress;Question;SearchAction;Service;WebSite,https://envitechal.com/#karachi-lab;https://envitechal.com/#lahore-lab;https://envitechal.com/#organization;https://envitechal.com/#website;https://envitechal.com/sindh-environmental-quality-standards-seqs/#article;https://envitechal.com/sindh-environmental-quality-standards-seqs/#breadcrumb,yes,,yes,50,ISO 14001;ISO 9001;LAB-285;LAB-347;PNAC;Punjab EPA,"Punjab facilities operate under the parallel Punjab Environmental Quality Standards (PEQS) enforced by the Punjab EPA. || A facility in Karachi answers to SEQS and SEPA; a facility in Lahore answers to PEQS and the Punjab EPA. || PNAC LAB-285 Karachi | LAB-347 Lahore ISO 9001 ISO 14001 Contact +92 310 2288801 +92 315 2006074 +92 42 32296099 info@envitechal.com Karachi Office First Floor, 345, Street 15, Bahadurabad Block 3, Bahadur Yar Jang CHS, Karachi, Sindh 75900, Pakistan Lahore Office 87-E Madina Heights, Office A/30-31, 8th Floor, Maulana Shaukat Ali Road, Johar Town, Lahore, Punjab, Pakistan Services Analytical Lab Services Water Testing Services Wastewater Testing Air Monitoring Equipment Calibration Environmenta"
https://envitechal.com/sindh-epa-vs-punjab-epa-noc-lahore/,200,https://envitechal.com/sindh-epa-vs-punjab-epa-noc-lahore/,text/html; charset=UTF-8,,"public, max-age=0",154676,Sindh EPA vs Punjab EPA: NOC and Approvals Compared | Envi Tech AL,Sindh EPA vs Punjab EPA: NOC and Approvals Compared,https://envitechal.com/sindh-epa-vs-punjab-epa-noc-lahore/,"follow, index, max-snippet:-1, max-video-preview:-1, max-image-preview:large",Article;BreadcrumbList;ContactPoint;EducationalOccupationalCredential;EntryPoint;GeoCoordinates;ImageObject;ListItem;LocalBusiness;Offer;OfferCatalog;Organization;PostalAddress;SearchAction;Service;WebSite,https://envitechal.com/#karachi-lab;https://envitechal.com/#lahore-lab;https://envitechal.com/#organization;https://envitechal.com/#website;https://envitechal.com/sindh-epa-vs-punjab-epa-noc-lahore/#article;https://envitechal.com/sindh-epa-vs-punjab-epa-noc-lahore/#breadcrumb,yes,,yes,47,ISO 14001;ISO 9001;LAB-285;LAB-347;PNAC;Punjab EPA;Sindh EPA,"Sindh EPA vs Punjab EPA: NOC and Approvals Compared | Envi Tech AL Skip to content Envi Tech AL Menu Menu Home About About Us Knowledge Hub Clients FAQ Lahore Office Our Services Environmental Consultancy Certification Advisory Technical Advisory Analytical Lab Services Water Testing Services Equipment Calibration Environmental Advisory Ballast Water Testing Services Thermal Imaging Inspection Downloads Contact Us Careers Verify Report Compliance Sindh EPA vs Punjab EPA: NOC and Approvals Compar || Bottom line: Do not treat Sindh EPA and Punjab EPA approvals as interchangeable files. || Sindh EPA vs Punjab EPA: what an environmental buyer actually needs to compare Most teams use ""EPA NOC"" because it is short and familiar. || For a buyer comparing Sindh EPA vs Punjab EPA , the better question is: which statutory route applies, what evidence is expected, and what monitoring or confirmation will be needed after the decision? || Sindh EPA can direct a proponent to file an EC, IEE or EIA for reasons recorded, subject to the regulation's advisory committee mechanism. || For Sindh-focused planning, Envi Tech AL has a dedicated Sindh EPA NOC guide that explains how buyers commonly approach the SEPA route. || Envi Tech AL works from Karachi and Lahore and can convert a vague request such as ""Punjab EPA NOC"" into a defensible scope. || FAQs Is a Punjab EPA NOC the same as an IEE or EIA approval? || Does Sindh EPA use the same approval categories as Punjab EPA? || PNAC LAB-285 Karachi | LAB-347 Lahore ISO 9001 ISO 14001 Contact +92 310 2288801 +92 315 2006074 +92 42 32296099 info@envitechal.com Karachi Office First Floor, 345, Street 15, Bahadurabad Block 3, Bahadur Yar Jang CHS, Karachi, Sindh 75900, Pakistan Lahore Office 87-E Madina Heights, Office A/30-31, 8th Floor, Maulana Shaukat Ali Road, Johar Town, Lahore, Punjab, Pakistan Services Analytical Lab Services Water Testing Services Wastewater Testing Air Monitoring Equipment Calibration Environmenta"
https://envitechal.com/soil-hazardous-waste-testing/,200,https://envitechal.com/soil-hazardous-waste-testing/,text/html; charset=UTF-8,,"public, max-age=0",128718,Soil and Hazardous Waste Testing Services | Envi Tech AL,Soil and Hazardous Waste Testing Services,https://envitechal.com/soil-hazardous-waste-testing/,"follow, index, max-snippet:-1, max-video-preview:-1, max-image-preview:large",Answer;BreadcrumbList;ContactPoint;EducationalOccupationalCredential;EntryPoint;FAQPage;GeoCoordinates;ImageObject;ListItem;LocalBusiness;Offer;OfferCatalog;Organization;PostalAddress;Question;SearchAction;Service;WebSite,https://envitechal.com/#karachi-lab;https://envitechal.com/#lahore-lab;https://envitechal.com/#organization;https://envitechal.com/#website;https://envitechal.com/soil-hazardous-waste-testing/#breadcrumb;https://envitechal.com/soil-hazardous-waste-testing/#service,yes,,yes,51,ISO 14001;ISO 9001;LAB-285;LAB-347;PNAC,"PNAC LAB-285 Karachi | LAB-347 Lahore ISO 9001 ISO 14001 Contact +92 310 2288801 +92 315 2006074 +92 42 32296099 info@envitechal.com Karachi Office First Floor, 345, Street 15, Bahadurabad Block 3, Bahadur Yar Jang CHS, Karachi, Sindh 75900, Pakistan Lahore Office 87-E Madina Heights, Office A/30-31, 8th Floor, Maulana Shaukat Ali Road, Johar Town, Lahore, Punjab, Pakistan Services Analytical Lab Services Water Testing Services Wastewater Testing Air Monitoring Equipment Calibration Environmenta"
https://envitechal.com/successful-start-up-of-wastewater-treatment-plant-at-mr-industries/,200,https://envitechal.com/successful-start-up-of-wastewater-treatment-plant-at-mr-industries/,text/html; charset=UTF-8,,"public, max-age=0",131912,Successful Start-up of Waste Water Treatment Plant | Envi Tech AL,Successful Start-up of Waste Water Treatment Plant at M.R. Industries,https://envitechal.com/successful-start-up-of-wastewater-treatment-plant-at-mr-industries/,"follow, index, max-snippet:-1, max-video-preview:-1, max-image-preview:large",Article;BreadcrumbList;ContactPoint;EducationalOccupationalCredential;EntryPoint;GeoCoordinates;ImageObject;ListItem;LocalBusiness;Offer;OfferCatalog;Organization;PostalAddress;SearchAction;Service;WebSite,https://envitechal.com/#karachi-lab;https://envitechal.com/#lahore-lab;https://envitechal.com/#organization;https://envitechal.com/#website;https://envitechal.com/successful-start-up-of-wastewater-treatment-plant-at-mr-industries/#article;https://envitechal.com/successful-start-up-of-wastewater-treatment-plant-at-mr-industries/#breadcrumb,yes,,yes,42,ISO 14001;ISO 9001;LAB-285;LAB-347;PNAC,"PNAC LAB-285 Karachi | LAB-347 Lahore ISO 9001 ISO 14001 Contact +92 310 2288801 +92 315 2006074 +92 42 32296099 info@envitechal.com Karachi Office First Floor, 345, Street 15, Bahadurabad Block 3, Bahadur Yar Jang CHS, Karachi, Sindh 75900, Pakistan Lahore Office 87-E Madina Heights, Office A/30-31, 8th Floor, Maulana Shaukat Ali Road, Johar Town, Lahore, Punjab, Pakistan Services Analytical Lab Services Water Testing Services Wastewater Testing Air Monitoring Equipment Calibration Environmenta"
https://envitechal.com/tdap-registered-lab-in-karachi-pakistan/,200,https://envitechal.com/tdap-registered-lab-in-karachi-pakistan/,text/html; charset=UTF-8,,"public, max-age=0",111214,TDAP Export Testing Support in Karachi | Envi Tech AL,Testing support for exporters that need credible documentation.,https://envitechal.com/tdap-registered-lab-in-karachi-pakistan/,"follow, index, max-snippet:-1, max-video-preview:-1, max-image-preview:large",BreadcrumbList;ContactPoint;EducationalOccupationalCredential;EntryPoint;GeoCoordinates;ImageObject;ListItem;LocalBusiness;Offer;OfferCatalog;Organization;PostalAddress;SearchAction;Service;WebPage;WebSite,https://envitechal.com/#karachi-lab;https://envitechal.com/#lahore-lab;https://envitechal.com/#organization;https://envitechal.com/#website;https://envitechal.com/tdap-registered-lab-in-karachi-pakistan/#breadcrumb;https://envitechal.com/tdap-registered-lab-in-karachi-pakistan/#webpage,yes,,yes,46,ISO 14001;ISO 9001;LAB-285;LAB-347;PNAC,"PNAC LAB-285 Karachi | LAB-347 Lahore ISO 9001 ISO 14001 Contact +92 310 2288801 +92 315 2006074 +92 42 32296099 info@envitechal.com Karachi Office First Floor, 345, Street 15, Bahadurabad Block 3, Bahadur Yar Jang CHS, Karachi, Sindh 75900, Pakistan Lahore Office 87-E Madina Heights, Office A/30-31, 8th Floor, Maulana Shaukat Ali Road, Johar Town, Lahore, Punjab, Pakistan Services Analytical Lab Services Water Testing Services Wastewater Testing Air Monitoring Equipment Calibration Environmenta"
https://envitechal.com/unveiling-water-testing-understanding-its-quality-and-procedures/,200,https://envitechal.com/unveiling-water-testing-understanding-its-quality-and-procedures/,text/html; charset=UTF-8,,"public, max-age=0",139558,Unveiling Water Testing: Understanding Its Quality | Envi Tech AL,Unveiling Water Testing: Understanding Its Quality and Procedures,https://envitechal.com/unveiling-water-testing-understanding-its-quality-and-procedures/,"follow, index, max-snippet:-1, max-video-preview:-1, max-image-preview:large",Article;BreadcrumbList;ContactPoint;EducationalOccupationalCredential;EntryPoint;GeoCoordinates;ImageObject;ListItem;LocalBusiness;Offer;OfferCatalog;Organization;PostalAddress;SearchAction;Service;WebSite,https://envitechal.com/#karachi-lab;https://envitechal.com/#lahore-lab;https://envitechal.com/#organization;https://envitechal.com/#website;https://envitechal.com/unveiling-water-testing-understanding-its-quality-and-procedures/#article;https://envitechal.com/unveiling-water-testing-understanding-its-quality-and-procedures/#breadcrumb,yes,,yes,53,accreditation;Green Lab;ISO 14001;ISO 9001;LAB-285;LAB-347;PNAC;Sindh EPA,"Envi Tech AL is Sindh EPA approved lab having Green Lab certification (Gold), ISO 9001:2015, ISO 14001:2015 certification and ISO 17025:2017 accreditation from PNAC . || PNAC LAB-285 Karachi | LAB-347 Lahore ISO 9001 ISO 14001 Contact +92 310 2288801 +92 315 2006074 +92 42 32296099 info@envitechal.com Karachi Office First Floor, 345, Street 15, Bahadurabad Block 3, Bahadur Yar Jang CHS, Karachi, Sindh 75900, Pakistan Lahore Office 87-E Madina Heights, Office A/30-31, 8th Floor, Maulana Shaukat Ali Road, Johar Town, Lahore, Punjab, Pakistan Services Analytical Lab Services Water Testing Services Wastewater Testing Air Monitoring Equipment Calibration Environmenta"
https://envitechal.com/wastewater-etp-effluent-testing-seqs-neqs/,200,https://envitechal.com/wastewater-etp-effluent-testing-seqs-neqs/,text/html; charset=UTF-8,,"public, max-age=0",124480,Wastewater & ETP Effluent Testing for SEQS/NEQS | Envi Tech AL,Wastewater & ETP Effluent Testing for SEQS/NEQS Compliance,https://envitechal.com/wastewater-etp-effluent-testing-seqs-neqs/,"follow, index, max-snippet:-1, max-video-preview:-1, max-image-preview:large",Article;BreadcrumbList;ContactPoint;EducationalOccupationalCredential;EntryPoint;GeoCoordinates;ImageObject;ListItem;LocalBusiness;Offer;OfferCatalog;Organization;PostalAddress;SearchAction;Service;WebSite,https://envitechal.com/#karachi-lab;https://envitechal.com/#lahore-lab;https://envitechal.com/#organization;https://envitechal.com/#website;https://envitechal.com/wastewater-etp-effluent-testing-seqs-neqs/#article;https://envitechal.com/wastewater-etp-effluent-testing-seqs-neqs/#breadcrumb,yes,,yes,48,accreditation;ISO 14001;ISO 9001;ISO/IEC 17025;LAB-285;LAB-347;PNAC;Punjab EPA;Sindh EPA;Sindh Epa,"Confirm the latest applicable Sindh EPA requirement and any approval-specific condition. || The company facts confirm ISO/IEC 17025:2017 accreditation, TUV certification, and Sindh EPA and Punjab EPA certification. || Useful internal and external references For a broader view of the service pathway, these related Envi Tech AL pages can help you plan scope, sampling and follow-up action: wastewater testing services water testing lab services For public reference material, start with these verified sources and confirm any project-specific obligation with the relevant authority: Sindh EPA SEQS 2016 PDF Pakistan EPA NEQS effluent PDF MOCC NEQS reference page Related Envi Tech AL pages Environmental Monitoring Rep || PNAC LAB-285 Karachi | LAB-347 Lahore ISO 9001 ISO 14001 Contact +92 310 2288801 +92 315 2006074 +92 42 32296099 info@envitechal.com Karachi Office First Floor, 345, Street 15, Bahadurabad Block 3, Bahadur Yar Jang CHS, Karachi, Sindh 75900, Pakistan Lahore Office 87-E Madina Heights, Office A/30-31, 8th Floor, Maulana Shaukat Ali Road, Johar Town, Lahore, Punjab, Pakistan Services Analytical Lab Services Water Testing Services Wastewater Testing Air Monitoring Equipment Calibration Environmenta"
https://envitechal.com/wastewater-testing-services/,200,https://envitechal.com/wastewater-testing-services/,text/html; charset=UTF-8,,"public, max-age=0",132570,Wastewater Testing Services in Karachi & Lahore | Envi Tech AL,Wastewater Testing Services in Karachi & Lahore,https://envitechal.com/wastewater-testing-services/,"follow, index, max-snippet:-1, max-video-preview:-1, max-image-preview:large",Answer;BreadcrumbList;ContactPoint;EducationalOccupationalCredential;EntryPoint;FAQPage;GeoCoordinates;ImageObject;ListItem;LocalBusiness;Offer;OfferCatalog;Organization;PostalAddress;Question;SearchAction;Service;WebSite,https://envitechal.com/#karachi-lab;https://envitechal.com/#lahore-lab;https://envitechal.com/#organization;https://envitechal.com/#website;https://envitechal.com/wastewater-testing-services/#breadcrumb;https://envitechal.com/wastewater-testing-services/#service,yes,,yes,52,ISO 14001;ISO 9001;LAB-285;LAB-347;PNAC;Punjab EPA,"Who needs this Factories and industrial estates Textile and dyeing units Food and beverage plants Hospitals and hotels ETP operators Compliance and EHS teams What is covered Industrial wastewater ETP inlet and outlet samples Process discharge Composite or grab sampling guidance Discharge parameter selection Compliance-ready reporting Report use cases SEPA or Punjab EPA compliance support Quarterly or annual monitoring Buyer audit evidence ETP troubleshooting Internal EHS reporting Corrective act || PNAC LAB-285 Karachi | LAB-347 Lahore ISO 9001 ISO 14001 Contact +92 310 2288801 +92 315 2006074 +92 42 32296099 info@envitechal.com Karachi Office First Floor, 345, Street 15, Bahadurabad Block 3, Bahadur Yar Jang CHS, Karachi, Sindh 75900, Pakistan Lahore Office 87-E Madina Heights, Office A/30-31, 8th Floor, Maulana Shaukat Ali Road, Johar Town, Lahore, Punjab, Pakistan Services Analytical Lab Services Water Testing Services Wastewater Testing Air Monitoring Equipment Calibration Environmenta"
https://envitechal.com/water-testing-challenges-expert-solutions-and-strategies/,200,https://envitechal.com/water-testing-challenges-expert-solutions-and-strategies/,text/html; charset=UTF-8,,"public, max-age=0",144822,Water Testing Challenges: Expert Solutions and | Envi Tech AL,Water Testing Challenges: Expert Solutions and Strategies,https://envitechal.com/water-testing-challenges-expert-solutions-and-strategies/,"follow, index, max-snippet:-1, max-video-preview:-1, max-image-preview:large",Article;BreadcrumbList;ContactPoint;EducationalOccupationalCredential;EntryPoint;GeoCoordinates;ImageObject;ListItem;LocalBusiness;Offer;OfferCatalog;Organization;PostalAddress;SearchAction;Service;WebSite,https://envitechal.com/#karachi-lab;https://envitechal.com/#lahore-lab;https://envitechal.com/#organization;https://envitechal.com/#website;https://envitechal.com/water-testing-challenges-expert-solutions-and-strategies/#article;https://envitechal.com/water-testing-challenges-expert-solutions-and-strategies/#breadcrumb,yes,,yes,43,ISO 14001;ISO 9001;LAB-285;LAB-347;PNAC,"PNAC LAB-285 Karachi | LAB-347 Lahore ISO 9001 ISO 14001 Contact +92 310 2288801 +92 315 2006074 +92 42 32296099 info@envitechal.com Karachi Office First Floor, 345, Street 15, Bahadurabad Block 3, Bahadur Yar Jang CHS, Karachi, Sindh 75900, Pakistan Lahore Office 87-E Madina Heights, Office A/30-31, 8th Floor, Maulana Shaukat Ali Road, Johar Town, Lahore, Punjab, Pakistan Services Analytical Lab Services Water Testing Services Wastewater Testing Air Monitoring Equipment Calibration Environmenta"
https://envitechal.com/water-testing-cost-karachi/,200,https://envitechal.com/water-testing-cost-karachi/,text/html; charset=UTF-8,,"public, max-age=0",124448,"Water Testing Cost in Karachi: Parameters, Panels & | Envi Tech AL","Water Testing Cost in Karachi: Parameters, Panels & Price",https://envitechal.com/water-testing-cost-karachi/,"follow, index, max-snippet:-1, max-video-preview:-1, max-image-preview:large",Article;BreadcrumbList;ContactPoint;EducationalOccupationalCredential;EntryPoint;GeoCoordinates;ImageObject;ListItem;LocalBusiness;Offer;OfferCatalog;Organization;PostalAddress;SearchAction;Service;WebSite,https://envitechal.com/#karachi-lab;https://envitechal.com/#lahore-lab;https://envitechal.com/#organization;https://envitechal.com/#website;https://envitechal.com/water-testing-cost-karachi/#article;https://envitechal.com/water-testing-cost-karachi/#breadcrumb,yes,,yes,50,accreditation;ISO 14001;ISO 9001;ISO/IEC 17025;LAB-285;LAB-347;PNAC;Punjab EPA;Sindh EPA,"The company facts confirm ISO/IEC 17025:2017 accreditation, TUV certification, and Sindh EPA and Punjab EPA certification. || PNAC LAB-285 Karachi | LAB-347 Lahore ISO 9001 ISO 14001 Contact +92 310 2288801 +92 315 2006074 +92 42 32296099 info@envitechal.com Karachi Office First Floor, 345, Street 15, Bahadurabad Block 3, Bahadur Yar Jang CHS, Karachi, Sindh 75900, Pakistan Lahore Office 87-E Madina Heights, Office A/30-31, 8th Floor, Maulana Shaukat Ali Road, Johar Town, Lahore, Punjab, Pakistan Services Analytical Lab Services Water Testing Services Wastewater Testing Air Monitoring Equipment Calibration Environmenta"
https://envitechal.com/water-testing-laboratory-for-drinking-water/,200,https://envitechal.com/water-testing-laboratory-for-drinking-water/,text/html; charset=UTF-8,,"public, max-age=0",144564,"Water Testing Laboratory for Drinking Water, | Envi Tech AL","Water Testing Laboratory for Drinking Water, Process Water and Water Quality Testing",https://envitechal.com/water-testing-laboratory-for-drinking-water/,"follow, index, max-snippet:-1, max-video-preview:-1, max-image-preview:large",Article;BreadcrumbList;ContactPoint;EducationalOccupationalCredential;EntryPoint;GeoCoordinates;ImageObject;ListItem;LocalBusiness;Offer;OfferCatalog;Organization;PostalAddress;SearchAction;Service;WebSite,https://envitechal.com/#karachi-lab;https://envitechal.com/#lahore-lab;https://envitechal.com/#organization;https://envitechal.com/#website;https://envitechal.com/water-testing-laboratory-for-drinking-water/#article;https://envitechal.com/water-testing-laboratory-for-drinking-water/#breadcrumb,yes,,yes,49,ISO 14001;ISO 9001;LAB-285;LAB-347;PNAC,"PNAC LAB-285 Karachi | LAB-347 Lahore ISO 9001 ISO 14001 Contact +92 310 2288801 +92 315 2006074 +92 42 32296099 info@envitechal.com Karachi Office First Floor, 345, Street 15, Bahadurabad Block 3, Bahadur Yar Jang CHS, Karachi, Sindh 75900, Pakistan Lahore Office 87-E Madina Heights, Office A/30-31, 8th Floor, Maulana Shaukat Ali Road, Johar Town, Lahore, Punjab, Pakistan Services Analytical Lab Services Water Testing Services Wastewater Testing Air Monitoring Equipment Calibration Environmenta"
https://envitechal.com/what-are-the-benefits-of-environmental-lab-consultancy/,200,https://envitechal.com/what-are-the-benefits-of-environmental-lab-consultancy/,text/html; charset=UTF-8,,"public, max-age=0",144171,What are the benefits of Environmental Lab & | Envi Tech AL,What are the benefits of Environmental Lab & Consultancy?,https://envitechal.com/what-are-the-benefits-of-environmental-lab-consultancy/,"follow, index, max-snippet:-1, max-video-preview:-1, max-image-preview:large",Article;BreadcrumbList;ContactPoint;EducationalOccupationalCredential;EntryPoint;GeoCoordinates;ImageObject;ListItem;LocalBusiness;Offer;OfferCatalog;Organization;PostalAddress;SearchAction;Service;WebSite,https://envitechal.com/#karachi-lab;https://envitechal.com/#lahore-lab;https://envitechal.com/#organization;https://envitechal.com/#website;https://envitechal.com/what-are-the-benefits-of-environmental-lab-consultancy/#article;https://envitechal.com/what-are-the-benefits-of-environmental-lab-consultancy/#breadcrumb,yes,,yes,50,accreditation;accredited;Green Lab;ISO 14001;ISO 9001;ISO/IEC 17025;LAB-285;LAB-347;PNAC;Sindh EPA,"When choosing an environmental laboratory or consultancy, it is essential to consider its experience, accreditation, and reputation. || Envi Tech AL is Sindh EPA approved lab having Green Lab certification (Gold), ISO 9001:2015 and ISO 14001:2015 certification. || The lab is Envi Tech AL provides laboratory testing and environmental compliance support backed by ISO/IEC 17025:2017 accredited laboratory systems, EPA approvals, controlled sampling, documented methods, and report verification support.:2017 accreditation from PNAC. || PNAC LAB-285 Karachi | LAB-347 Lahore ISO 9001 ISO 14001 Contact +92 310 2288801 +92 315 2006074 +92 42 32296099 info@envitechal.com Karachi Office First Floor, 345, Street 15, Bahadurabad Block 3, Bahadur Yar Jang CHS, Karachi, Sindh 75900, Pakistan Lahore Office 87-E Madina Heights, Office A/30-31, 8th Floor, Maulana Shaukat Ali Road, Johar Town, Lahore, Punjab, Pakistan Services Analytical Lab Services Water Testing Services Wastewater Testing Air Monitoring Equipment Calibration Environmenta"
https://envitechal.com/what-is-tdap-registered-lab-essential-information/,200,https://envitechal.com/what-is-tdap-registered-lab-essential-information/,text/html; charset=UTF-8,,"public, max-age=0",145843,What is TDAP Registered Lab: Essential Information | Envi Tech AL,What is TDAP Registered Lab: Essential Information,https://envitechal.com/what-is-tdap-registered-lab-essential-information/,"follow, index, max-snippet:-1, max-video-preview:-1, max-image-preview:large",Article;BreadcrumbList;ContactPoint;EducationalOccupationalCredential;EntryPoint;GeoCoordinates;ImageObject;ListItem;LocalBusiness;Offer;OfferCatalog;Organization;PostalAddress;SearchAction;Service;WebSite,https://envitechal.com/#karachi-lab;https://envitechal.com/#lahore-lab;https://envitechal.com/#organization;https://envitechal.com/#website;https://envitechal.com/what-is-tdap-registered-lab-essential-information/#article;https://envitechal.com/what-is-tdap-registered-lab-essential-information/#breadcrumb,yes,,yes,50,Green Lab;ISO 14001;ISO 9001;ISO/IEC 17025;LAB-285;LAB-347;PNAC;Sindh EPA,"Envi Tech AL is proud to be ISO/IEC 17025:2017 accreditated and is committed to continuing to provide exceptional service to our clients. || Envi Tech AL is Sindh EPA approved lab having Green Lab certification (Gold), Registered with TDAP, Member of PLGMEA, ISO 9001:2015 and ISO 14001:2015 certification. || The Karachi permanent laboratory holds PNAC LAB-285 and the Lahore permanent laboratory holds PNAC LAB-347 under ISO/IEC 17025:2017; each is limited to its applicable current published scope. || PNAC LAB-285 Karachi | LAB-347 Lahore ISO 9001 ISO 14001 Contact +92 310 2288801 +92 315 2006074 +92 42 32296099 info@envitechal.com Karachi Office First Floor, 345, Street 15, Bahadurabad Block 3, Bahadur Yar Jang CHS, Karachi, Sindh 75900, Pakistan Lahore Office 87-E Madina Heights, Office A/30-31, 8th Floor, Maulana Shaukat Ali Road, Johar Town, Lahore, Punjab, Pakistan Services Analytical Lab Services Water Testing Services Wastewater Testing Air Monitoring Equipment Calibration Environmenta"
https://envitechal.com/what-services-does-envi-tech-al-provide/,200,https://envitechal.com/what-services-does-envi-tech-al-provide/,text/html; charset=UTF-8,,"public, max-age=0",136774,What Services Does Envi Tech AL Provide | Envi Tech AL,What Services Does Envi Tech AL Provide,https://envitechal.com/what-services-does-envi-tech-al-provide/,"follow, index, max-snippet:-1, max-video-preview:-1, max-image-preview:large",Article;BreadcrumbList;ContactPoint;EducationalOccupationalCredential;EntryPoint;GeoCoordinates;ImageObject;ListItem;LocalBusiness;Offer;OfferCatalog;Organization;PostalAddress;SearchAction;Service;WebSite,https://envitechal.com/#karachi-lab;https://envitechal.com/#lahore-lab;https://envitechal.com/#organization;https://envitechal.com/#website;https://envitechal.com/what-services-does-envi-tech-al-provide/#article;https://envitechal.com/what-services-does-envi-tech-al-provide/#breadcrumb,yes,,yes,51,accreditation;accredited;Green Lab;ISO 14001;ISO 9001;ISO/IEC 17025;LAB-285;LAB-347;PNAC;Sindh EPA,"Many environmental laboratories and consultancies carry accreditation from the Environmental Protection Agency (EPA) or other federal or state agencies. || When choosing an environmental laboratory or consultancy, it is essential to consider its experience, accreditation, and reputation. || Envi Tech AL is Sindh EPA approved lab having Green Lab certification (Gold), ISO 9001:2015 and ISO 14001:2015 certification. || The lab is Envi Tech AL provides laboratory testing and environmental compliance support backed by ISO/IEC 17025:2017 accredited laboratory systems, EPA approvals, controlled sampling, documented methods, and report verification support.:2017 accreditation from PNAC. || PNAC LAB-285 Karachi | LAB-347 Lahore ISO 9001 ISO 14001 Contact +92 310 2288801 +92 315 2006074 +92 42 32296099 info@envitechal.com Karachi Office First Floor, 345, Street 15, Bahadurabad Block 3, Bahadur Yar Jang CHS, Karachi, Sindh 75900, Pakistan Lahore Office 87-E Madina Heights, Office A/30-31, 8th Floor, Maulana Shaukat Ali Road, Johar Town, Lahore, Punjab, Pakistan Services Analytical Lab Services Water Testing Services Wastewater Testing Air Monitoring Equipment Calibration Environmenta"
https://envitechal.com/why-you-should-consult-with-an-environmental-lab/,200,https://envitechal.com/why-you-should-consult-with-an-environmental-lab/,text/html; charset=UTF-8,,"public, max-age=0",137742,Why You Should Consult with an Environmental Lab | Envi Tech AL,Why You Should Consult with an Environmental Lab,https://envitechal.com/why-you-should-consult-with-an-environmental-lab/,"follow, index, max-snippet:-1, max-video-preview:-1, max-image-preview:large",Article;BreadcrumbList;ContactPoint;EducationalOccupationalCredential;EntryPoint;GeoCoordinates;ImageObject;ListItem;LocalBusiness;Offer;OfferCatalog;Organization;PostalAddress;SearchAction;Service;WebSite,https://envitechal.com/#karachi-lab;https://envitechal.com/#lahore-lab;https://envitechal.com/#organization;https://envitechal.com/#website;https://envitechal.com/why-you-should-consult-with-an-environmental-lab/#article;https://envitechal.com/why-you-should-consult-with-an-environmental-lab/#breadcrumb,yes,,yes,51,accreditation;accredited;Green Lab;ISO 14001;ISO 9001;ISO/IEC 17025;LAB-285;LAB-347;PNAC;Sindh EPA,"Envi Tech AL is Sindh EPA approved lab having Green Lab certification (Gold), ISO 9001:2015 and ISO 14001:2015 certification. || The lab is Envi Tech AL provides laboratory testing and environmental compliance support backed by ISO/IEC 17025:2017 accredited laboratory systems, EPA approvals, controlled sampling, documented methods, and report verification support.:2017 accreditation from PNAC. || PNAC LAB-285 Karachi | LAB-347 Lahore ISO 9001 ISO 14001 Contact +92 310 2288801 +92 315 2006074 +92 42 32296099 info@envitechal.com Karachi Office First Floor, 345, Street 15, Bahadurabad Block 3, Bahadur Yar Jang CHS, Karachi, Sindh 75900, Pakistan Lahore Office 87-E Madina Heights, Office A/30-31, 8th Floor, Maulana Shaukat Ali Road, Johar Town, Lahore, Punjab, Pakistan Services Analytical Lab Services Water Testing Services Wastewater Testing Air Monitoring Equipment Calibration Environmenta"
